mineral,formula,family,n_raman_active_modes,n_peak,eta
Abellaite,NaPb2C2O7,carbonate,32.0,5,0.15625
Abelsonite,Cr0.02Fe0.05Ni0.93H32C31N4,other,222.0,22,0.0990990990990991
Abhurite,Sn21H14(Cl4O5)4,oxide_hydroxide,104.0,5,0.04807692307692308
Actinolite,K0.014Na0.124Ca1.802Mg4.479Ti0.002Mn0.016Al0.122Fe0.575Si7.94H1.94O24,silicate,63.0,13,0.20634920634920634
Adachiite,Na0.28Ca0.62Mg0.60003Ti0.06Al7.47Fe1.71999Si5.14998B3H4O31,silicate,84.0,15,0.17857142857142858
Adamite,Zn2AsHO5,phosphate_arsenate_vanadate,54.0,13,0.24074074074074073
Adamsite-(Y),Na1Tb0.01Yb0.02Ce0.01Nd0.03Sm0.02Gd0.04Dy0.06Y0.72Ho0.02Er0.05Tm0.01C2O12,carbonate,96.0,14,0.14583333333333334
Adelite,Ca1Mg1As0.9312P0.0688H1O5,phosphate_arsenate_vanadate,105.0,9,0.08571428571428572
Aegirine,Na0.512Ca0.488Fe1Si2O6,silicate,30.0,18,0.6
Aenigmatite,Na2TiFe5(Si3O10)2,silicate,99.0,13,0.13131313131313133
Aeschynite-(Y),Ca0.01Yb0.025Ce0.005Pr0.001Nd0.011Sm0.01Gd0.068Dy0.065Y0.639Er0.034Th0.06U0.004Ti1.95Nb0.05W0.03O6,oxide_hydroxide,60.0,16,0.26666666666666666
Afghanite,K2.3598Na8.64Ca4.9999Al12Si12Os11.99995S3Cl2.9O48F0.1002,silicate,388.0,10,0.02577319587628866
Afmite,Al3(PO8)2,phosphate_arsenate_vanadate,63.0,20,0.31746031746031744
Afwillite,Ca3(SiO5)2,silicate,87.0,14,0.16091954022988506
Agardite-(Y),Ca0.43Yb0.01Dy0.01Y0.52Ho0.01Er0.02Cu6As2.484P0.516O21.001,phosphate_arsenate_vanadate,49.0,16,0.32653061224489793
Agrellite,Na1Ca1.9045Eu0.0955Si4O10F1,silicate,108.0,20,0.18518518518518517
Ahlfeldite,Co0.4Ni0.6H4Se1O5,oxide_hydroxide,66.0,7,0.10606060606060606
Ajoite,K0.5Al1.5Cu10Si14.5O48,silicate,225.0,15,0.06666666666666667
Akatoreite,Mn9Al2Si8(HO4)8,silicate,87.0,22,0.25287356321839083
Akermanite,K0.1Na0.2Ca1.7Mg0.5Al0.4Si2O7,silicate,45.0,10,0.2222222222222222
Akrochordite,Mn5(AsO8)2,phosphate_arsenate_vanadate,66.0,8,0.12121212121212122
Alacranite,As8S9,sulfide_selenide_telluride,51.0,6,0.11764705882352941
Alamosite,SiPbO3,silicate,87.0,21,0.2413793103448276
Albite,K0.2Na0.8Al1Si3O8,silicate,39.0,17,0.4358974358974359
Aldermanite,K0.13Na0.72Ca0.06Mg1Al3P2O20.24F3,phosphate_arsenate_vanadate,102.0,14,0.13725490196078433
Alforsite,Ba5P3ClO12,phosphate_arsenate_vanadate,32.0,7,0.21875
Allactite,Mn7(AsO8)2,phosphate_arsenate_vanadate,72.0,8,0.1111111111111111
Allanite-(Ce),Ca1.26Ce0.74Al1.83Fe1.17Si3O13,silicate,57.0,10,0.17543859649122806
Allanite-(La),Ca1.311La0.274Ce0.196Pr0.101Nd0.111Y0.001Th0.006Mg0.12Al1.871Fe1.009Si3H1O13,silicate,60.0,11,0.18333333333333332
Allanpringite,Al0.25Fe2.75P2O16,phosphate_arsenate_vanadate,132.0,11,0.08333333333333333
Allantoin,H6C4N4O3,oxide_hydroxide,102.0,15,0.14705882352941177
Alleghanyite,Mg1.947Mn2.869Zn0.184Si2O9.06F0.94,silicate,48.0,7,0.14583333333333334
Alluaudite,Na0.625Li0.025Ca0.125Mg0.049Mn1.125Fe1.976P3O12,phosphate_arsenate_vanadate,54.0,15,0.2777777777777778
Almandine,Ca0.12Mg0.27Al2Fe2.58Si3O12,silicate,25.0,8,0.32
Alstonite,BaCa(CO3)2,carbonate,184.0,6,0.03260869565217391
Althausite,Mg4P2H0.37O8.56F0.25,phosphate_arsenate_vanadate,102.0,13,0.12745098039215685
Aluminite,Al2H18SO15,sulfate,216.0,8,0.037037037037037035
Alum-(K),K1Al1H24S2O20,sulfate,135.0,6,0.044444444444444446
Alum-(Na),NaAlH24Os8(SO6)2,sulfate,115.0,6,0.05217391304347826
Alumohydrocalcite,CaAl2H12(CO7)2,carbonate,93.0,13,0.13978494623655913
Alumoklyuchevskite,K3Al0.64Fe0.36Cu3S4O18,sulfate,171.0,13,0.07602339181286549
Alunite,KAl3(SO7)2,sulfate,14.0,11,0.7857142857142857
Alunogen,Al2S3O29,sulfate,102.0,9,0.08823529411764706
Amarantite,FeH7SO8,sulfate,102.0,18,0.17647058823529413
Amblygonite,Li1Al1P1O4.119F0.881,phosphate_arsenate_vanadate,24.0,13,0.5416666666666666
Ameghinite,NaB3H4O7,borate,90.0,15,0.16666666666666666
Amesite,Mg3.924Al3.978Si2.052H8O18,silicate,108.0,16,0.14814814814814814
Amicite,K1Na1Al2Si2O10.765,silicate,99.0,13,0.13131313131313133
Aminoffite,Ca3Be2Si3(HO6)2,silicate,98.0,21,0.21428571428571427
Ammineite,CuH6(NCl)2,halide,33.0,5,0.15151515151515152
Ammonioleucite,K0.34Al0.8898Si2.1099O6Nh0.53,silicate,90.0,17,0.18888888888888888
Ammoniomathesiusite,U4V1H28S4N4.92O33,sulfate,168.0,13,0.07738095238095238
Ammoniozippeite,U2SO10Nh3,sulfate,96.0,8,0.08333333333333333
Analcime,Na1.87Al1.88Si4.12O14,silicate,84.0,7,0.08333333333333333
Anapaite,Ca2FeP2(H2O3)4,phosphate_arsenate_vanadate,36.0,23,0.6388888888888888
Anatase,TiO2,oxide_hydroxide,6.0,5,0.8333333333333334
Ancylite-(Ce),Sr0.2Ca0.11La0.28Ce0.41C1O4,carbonate,36.0,6,0.16666666666666666
Andalusite,Al2SiO5,silicate,48.0,15,0.3125
Andersonite,Na2CaUC3O16,carbonate,108.0,9,0.08333333333333333
Andradite,Ca3Fe2(SiO4)3,silicate,25.0,14,0.56
Andreybulakhite,Ni(CO3)2,carbonate,27.0,10,0.37037037037037035
Anglesite,PbSO4,sulfate,36.0,4,0.1111111111111111
Anhydrite,CaSO4,sulfate,18.0,8,0.4444444444444444
Anilite,Cu7S4,sulfide_selenide_telluride,66.0,18,0.2727272727272727
Ankerite,Ca1.007Mg0.451Fe0.542C2O6,carbonate,8.0,4,0.5
Ankinovichite,Al4V1.88Zn0.28Ni0.72H4O20,phosphate_arsenate_vanadate,90.0,13,0.14444444444444443
Annabergite,Mg0.36Ni2.64As2H16O16,phosphate_arsenate_vanadate,54.0,10,0.18518518518518517
Annite,K0.88Na0.07Ca0.03Mg0.12Ti0.21Mn0.03Al1.282Fe2.43Si2.808Cl0.05O11.73F0.22,silicate,27.0,8,0.2962962962962963
Anorpiment,As2S3,sulfide_selenide_telluride,30.0,3,0.1
Anorthite,CaAl2(SiO4)2,silicate,156.0,17,0.10897435897435898
Anorthoroselite,Ca2Mg0.468Co0.532As2H4O10,phosphate_arsenate_vanadate,27.0,12,0.4444444444444444
Anthophyllite,Na0.01Ca0.02Mg5.71Mn0.02Al0.05Fe1.24Si7.95O24,silicate,234.0,14,0.05982905982905983
Antigorite,Mg48Si34H62O147,silicate,870.0,8,0.009195402298850575
Antimony,Sb,native_element,2.0,3,1.5
Antipinite,KNa3Cu2(CO2)8,oxide_hydroxide,90.0,11,0.12222222222222222
Antlerite,Cu3H4SO8,sulfate,96.0,17,0.17708333333333334
Aphthitalite,K3Na(SO4)2,sulfate,11.0,5,0.45454545454545453
Apjohnite,Mg0.28Mn0.64Al2Zn0.06Fe0.02H44S4O38,sulfate,534.0,9,0.016853932584269662
Apuanite,Zn0.2Fe4.56Sb3.84As0.4S0.84O12,sulfate,78.0,12,0.15384615384615385
Aragonite,CaCO3,carbonate,30.0,6,0.2
Arakiite,Mg4.23Mn8.06Al0.74Zn0.71Fe1.26As3O34,phosphate_arsenate_vanadate,309.0,10,0.032362459546925564
Aramayoite,Ag3Bi1.003Sb1.997S6,sulfide_selenide_telluride,36.0,7,0.19444444444444445
Aravaipaite,AlPb3OF9,oxide_hydroxide,84.0,10,0.11904761904761904
Ardealite,Ca1P0.5S0.5O6,sulfate,93.0,20,0.21505376344086022
Ardennite-(As),Ca0.47Mg1Mn3.53Al4.3V0.095Fe0.2Cu0.06Si5As0.905O28,silicate,120.0,16,0.13333333333333333
Arfvedsonite,K0.223Na2.415Li0.17Ca0.08Mg0.31Ti0.08Mn0.58Al0.176Zn0.04Fe3.87Si7.824H1.2O23.2F0.8,silicate,63.0,15,0.23809523809523808
Argentobaumhauerite,Ag0.737Sb0.255As16.559Pb10.449S36,sulfide_selenide_telluride,192.0,5,0.026041666666666668
Argentojarosite,Al0.12Fe2.88Ag1H6S2O14,sulfate,19.0,12,0.631578947368421
Argentopyrite,Fe2AgS3,sulfide_selenide_telluride,36.0,3,0.08333333333333333
Arisite-(La),Na1Ca0.14La0.9Ce0.84Pr0.02Nd0.08Sm0.02C2.63O7.89F1.72,carbonate,20.0,7,0.35
Armalcolite,Mg0.999Ti2.001O5,oxide_hydroxide,24.0,11,0.4583333333333333
Armangite,Mn26As18C1O57,carbonate,104.0,8,0.07692307692307693
Arrojadite-(KFe),K1Na4Ca1Al1Fe14P12O48F2,phosphate_arsenate_vanadate,270.0,9,0.03333333333333333
Arrojadite-(KNa),K0.83Na5.01Sr0.01Ca0.91Ho1Mg2.8Mn1.02Al1Fe9.18P12H1.97O49.97F0.03,phosphate_arsenate_vanadate,519.0,12,0.023121387283236993
Arsenbrackebuschite,Zn0.35Fe0.65As2Pb2O9,phosphate_arsenate_vanadate,39.0,11,0.28205128205128205
Arsendescloizite,ZnAsHPbO5,phosphate_arsenate_vanadate,105.0,7,0.06666666666666667
Arsenic,As,native_element,2.0,5,2.5
Arseniopleite,Ba0.01Na1.25Ca0.68Mg0.52Mn2.21Fe0.27As3Pb0.06O12,phosphate_arsenate_vanadate,63.0,9,0.14285714285714285
Arseniosiderite,Ca2Fe3As3O17,phosphate_arsenate_vanadate,447.0,11,0.024608501118568233
Arsenohauchecornite,Ni18Bi3AsS16,sulfide_selenide_telluride,34.0,7,0.20588235294117646
Arsenolamprite,As,native_element,6.0,3,0.5
Arsenolite,As2O3,oxide_hydroxide,9.0,6,0.6666666666666666
Arsenopyrite,FeAsS,sulfide_selenide_telluride,18.0,5,0.2777777777777778
Arsentsumebite,Cu1As1Pb2S1O9,sulfate,39.0,12,0.3076923076923077
Arsenuranospathite,U2Al0.98Si0.04As1.78P0.16H42S0.02O33,silicate,477.0,4,0.008385744234800839
Artesunate,C19O8,oxide_hydroxide,321.0,30,0.09345794392523364
Arthurite,Fe2Cu(AsO7)2,phosphate_arsenate_vanadate,54.0,17,0.3148148148148148
Artinite,Mg1H4C0.5O4,carbonate,36.0,11,0.3055555555555556
Artroeite,AlH2PbO2F3,oxide_hydroxide,27.0,15,0.5555555555555556
Asbecasite,Ca3TiBe2Si2(As3O10)2,silicate,50.0,11,0.22
Ashburtonite,Cu4Si4Pb4C4ClO28,silicate,48.0,7,0.14583333333333334
Ashcroftine-(Y),K10.4Na8.26Y24Si54.16C16O202.96,silicate,350.0,20,0.05714285714285714
Asisite,Pb3.5Cl1O4,oxide_hydroxide,8.0,6,0.75
Astrophyllite,K1.898Na0.627Ca0.121Mg0.064Zr0.85Ti1.15Fe5.988Si8O30F0.5,silicate,72.0,13,0.18055555555555555
Atacamite,Cu2ClO3,oxide_hydroxide,30.0,12,0.4
Atelestite,Bi2AsO6,phosphate_arsenate_vanadate,54.0,11,0.2037037037037037
Atencioite,Ca2Mg2.2Mn0.2Be4Al0.1Fe2.5P6H8O34,phosphate_arsenate_vanadate,87.0,18,0.20689655172413793
Aubertite,AlCuH28S2ClO22,sulfate,78.0,8,0.10256410256410256
Augelite,Al2PO7,phosphate_arsenate_vanadate,30.0,15,0.5
Augite,Na0.09Ca0.616Mg0.902Ti0.02Al0.342Fe0.21Si1.82O6,silicate,30.0,12,0.4
Aurichalcite,Zn3Cu2C2O12,carbonate,57.0,14,0.24561403508771928
Aurostibite,Sb2Au,other,5.0,3,0.6
Austinite,CaZnAsHO5,phosphate_arsenate_vanadate,105.0,7,0.06666666666666667
Avdoninite,K2Cu5(Cl4O3)2,oxide_hydroxide,60.0,11,0.18333333333333332
Avicennite,Tl2O3,oxide_hydroxide,22.0,6,0.2727272727272727
Avogadrite,KBF4,halide,36.0,3,0.08333333333333333
Axinite-(Fe),K0.022Na0.065Ca2Mg0.185Ti0.005Mn0.13Al1.893Fe0.657Si4B1H1O16,silicate,81.0,26,0.32098765432098764
Axinite-(Mg),Ca1.975Mg0.96Mn0.035Al2V0.015Cr0.005Si4B1H0.95O16,silicate,81.0,27,0.3333333333333333
Axinite-(Mn),Ca1.95Mg0.015Mn0.995Al1.86Fe0.18Si4B1H0.9O16,silicate,81.0,28,0.345679012345679
Azurite,Cu3H2(CO4)2,carbonate,42.0,11,0.2619047619047619
Babingtonite,Ca2Mg0.197Mn0.21Al0.08Fe1.513Si5H1O15,silicate,75.0,25,0.3333333333333333
Baddeleyite,ZrO2,oxide_hydroxide,18.0,14,0.7777777777777778
Bahianite,Al4.76Fe0.34Sb2.9O16,oxide_hydroxide,33.0,16,0.48484848484848486
Bairdite,Cu2Te1Pb0.999S0.5O8.5,sulfate,102.0,10,0.09803921568627451
Bakerite,Ca1Si0.75B1.25O5,silicate,48.0,13,0.2708333333333333
Bakhchisaraitsevite,Na2Mg4.472Fe0.528P4H15O23,phosphate_arsenate_vanadate,306.0,14,0.0457516339869281
Balangeroite,Mg15.65Fe5.3Si8O47,silicate,450.0,5,0.011111111111111112
Baotite,Ba4Ti5.92Nb1.44Fe0.64Si4Cl1O28,silicate,101.0,16,0.15841584158415842
Barbosalite,Fe3P2(HO5)2,phosphate_arsenate_vanadate,48.0,12,0.25
Baricite,Mg3(PO8)2,phosphate_arsenate_vanadate,30.0,11,0.36666666666666664
Bario-olgite,K0.06Ba0.94Na2.12Sr0.66Ca0.04Ce0.18P2O8,phosphate_arsenate_vanadate,26.0,18,0.6923076923076923
Bariopharmacosiderite,Ba0.5Fe4As3H4O22.16,phosphate_arsenate_vanadate,89.0,10,0.11235955056179775
Barnesite,Na0.5Ca0.25V3O9,phosphate_arsenate_vanadate,39.0,12,0.3076923076923077
Barrerite,K0.797Na1.981Ca0.492Mg0.069Al4.158Si13.842O45.6,silicate,267.0,9,0.033707865168539325
Bartelkeite,FeGe3H4PbO10,oxide_hydroxide,51.0,9,0.17647058823529413
Barylite,BaBe2Si2O7,silicate,72.0,16,0.2222222222222222
Barysilite,MnSi6Pb8O21,silicate,53.0,10,0.18867924528301888
Baryte,BaSO4,sulfate,36.0,4,0.1111111111111111
Barytocalcite,BaCa(CO3)2,carbonate,57.0,6,0.10526315789473684
Barytolamprophyllite,K0.61Ba0.88Na2.09Sr0.33Ca0.13Mg0.05Ti2.91Mn0.28Nb0.01Al0.03Fe0.35Si4O18,silicate,42.0,12,0.2857142857142857
Bassetite,Mg0.36U2Fe0.64P2H20O22,phosphate_arsenate_vanadate,138.0,8,0.057971014492753624
Bastnasite-(Ce),CeCO3F,carbonate,44.0,7,0.1590909090909091
Bastnasite-(La),La0.5Ce0.5O2F1,oxide_hydroxide,4.0,6,1.5
Baumhauerite,As9Pb5S18,sulfide_selenide_telluride,96.0,6,0.0625
Bavenite,Ca4Be3Al1Si9H3O28,silicate,147.0,19,0.1292517006802721
Bayldonite,Cu3As2H2PbO10,phosphate_arsenate_vanadate,45.0,9,0.2
Bayleyite,Mg2U1H26C3O29,carbonate,384.0,8,0.020833333333333332
Bazhenovite,Ca2H9.2S2.19O8,sulfate,162.0,10,0.06172839506172839
Beaverite-(Cu),Fe3Pb(SO7)2,sulfate,14.0,13,0.9285714285714286
Behierite,NbBO4,borate,12.0,10,0.8333333333333334
Behoite,BeO2,oxide_hydroxide,33.0,11,0.3333333333333333
Belakovskiite,Na14U2S10O50,sulfate,117.0,11,0.09401709401709402
Belendorffite,Cu7Hg6,other,41.0,3,0.07317073170731707
Bellbergite,K0.99999Sr1Ca3Al9Si9O51,silicate,103.0,5,0.04854368932038835
Bellingerite,Cu3(I3O10)2,oxide_hydroxide,42.0,11,0.2619047619047619
Benitoite,BaTi(SiO3)3,silicate,34.0,15,0.4411764705882353
Benstonite,Ba6Ca6Mg1C13O39,carbonate,68.0,8,0.11764705882352941
Beraunite,Mn1.2Fe4.8P4H17O27,phosphate_arsenate_vanadate,159.0,9,0.05660377358490566
Bergslagite,CaBeAsO5,phosphate_arsenate_vanadate,48.0,15,0.3125
Berlinite,AlPO4,phosphate_arsenate_vanadate,25.0,11,0.44
Bermanite,Mn3(PO7)2,phosphate_arsenate_vanadate,111.0,12,0.10810810810810811
Berndlehmannite,V1Zn0.01Cr0.89Cu0.99Sb0.07As0.04S4,sulfide_selenide_telluride,5.0,26,5.2
Berthierine,Mg0.03Mn0.039Al1.789Fe1.989Si1.15O9,silicate,35.0,6,0.17142857142857143
Berthierite,Fe(SbS2)2,sulfide_selenide_telluride,42.0,7,0.16666666666666666
Bertossaite,Na0.41Li3.72Ca0.87Al4P4H4O20,phosphate_arsenate_vanadate,111.0,19,0.17117117117117117
Bertrandite,Be4Si2H2O9,silicate,99.0,25,0.25252525252525254
Beryl,Na0.067Li0.03Be2.937Al1.917Fe0.092Si6.024O18,silicate,37.0,16,0.43243243243243246
Beryllonite,NaBePO4,phosphate_arsenate_vanadate,126.0,13,0.10317460317460317
Berzeliite,Na0.9999Ca2.0001Mg1.7Mn0.3As3O12,phosphate_arsenate_vanadate,25.0,9,0.36
Betpakdalite-CaMg,Na0.072Ca1.928Mg1Fe3Mo8As2O61.176,phosphate_arsenate_vanadate,141.0,10,0.07092198581560284
Beudantite,Al0.459Fe2.541As1.07Pb1.002S0.93O14,sulfate,18.0,13,0.7222222222222222
Beusite,Mn1.5Fe1.5P2O8,phosphate_arsenate_vanadate,78.0,7,0.08974358974358974
Bianchite,ZnSO10,sulfate,69.0,9,0.13043478260869565
Bieberite,Co1H14S1O11,sulfate,162.0,11,0.06790123456790123
Bigcreekite,BaSi2O9,silicate,72.0,15,0.20833333333333334
Bikitaite,Li1Al1Si2O7,silicate,63.0,22,0.3492063492063492
Billietite,BaU6O23,oxide_hydroxide,357.0,6,0.01680672268907563
Bindheimite,Sb2Pb2O7,oxide_hydroxide,6.0,6,1.0
Biphosphammite,P1H6N1O4,phosphate_arsenate_vanadate,51.0,6,0.11764705882352941
Birchite,Cd2Cu2P2SO17,sulfate,144.0,13,0.09027777777777778
Bismite,Bi2O3,oxide_hydroxide,30.0,11,0.36666666666666664
Bismoclite,BiClO,oxide_hydroxide,6.0,3,0.5
Bismuthinite,Bi1.09Sb0.91S3,sulfide_selenide_telluride,30.0,4,0.13333333333333333
Bismutite,Bi2CO5,carbonate,21.0,4,0.19047619047619047
Bismutotantalite,Ta0.89Nb0.11Bi0.98Sb0.02O4,oxide_hydroxide,36.0,9,0.25
Bixbyite-(Fe),Mn0.74Fe1.26O3,oxide_hydroxide,22.0,11,0.5
Bjarebyite,Ba0.9Sr0.1Mg0.2Mn0.9Al2Fe0.9P3O15,phosphate_arsenate_vanadate,69.0,13,0.18840579710144928
Blixite,Pb8Cl4O7,oxide_hydroxide,111.0,5,0.04504504504504504
Blodite,Na2MgH8(SO6)2,sulfate,72.0,5,0.06944444444444445
Bobdownsite,Na0.24Ca8.76Mg0.72Al0.11Fe0.17P7O27F1,phosphate_arsenate_vanadate,139.0,9,0.06474820143884892
Bobfergusonite,Na2Ca0.19Mg0.09Mn4.28Al1.38Zn0.05Fe0.84P6O24,phosphate_arsenate_vanadate,234.0,14,0.05982905982905983
Bobierrite,Mg3(PO8)2,phosphate_arsenate_vanadate,63.0,17,0.2698412698412698
Bobjonesite,VH6SO8,sulfate,96.0,13,0.13541666666666666
Bobkingite,Cu5H8Cl2O10,oxide_hydroxide,36.0,12,0.3333333333333333
Bobtraillite,Na6.462Sr5.496Zr7Si21B3O78,silicate,162.0,15,0.09259259259259259
Bohmite,AlO2,oxide_hydroxide,9.0,4,0.4444444444444444
Boleite,KCu24Ag9H48Pb26(Cl31O24)2,oxide_hydroxide,92.0,11,0.11956521739130435
Boltwoodite,KUSiO7,silicate,57.0,10,0.17543859649122806
Bonattite,CuH6SO7,sulfate,87.0,5,0.05747126436781609
Bonazziite,AsS,sulfide_selenide_telluride,24.0,7,0.2916666666666667
Boojumite,Pb8(S2O5)3,oxide_hydroxide,174.0,9,0.05172413793103448
Boracite,Mg3B7ClO13,borate,285.0,15,0.05263157894736842
Borax,Na2B4H20O17,borate,126.0,14,0.1111111111111111
Borcarite,Ca4MgB4H6(CO9)2,carbonate,51.0,16,0.3137254901960784
Bortolanite,Na2.03Ca4.13La0.03Ce0.06Nd0.02Gd0.01Zr0.5Ti0.94Mn0.16Nb0.06Fe0.06Si4O15.24F2.76,silicate,45.0,15,0.3333333333333333
Botallackite,Cu2H3ClO3,oxide_hydroxide,24.0,13,0.5416666666666666
Botryogen,Mg0.773Mn0.047Zn0.165Fe1H15S2O16,sulfate,204.0,16,0.0784313725490196
Bottinoite,Ni(SbO9)2,oxide_hydroxide,250.0,6,0.024
Boulangerite,Sb4.5Pb4.5S11,sulfide_selenide_telluride,123.0,9,0.07317073170731707
Bournonite,CuSbPbS3,sulfide_selenide_telluride,69.0,4,0.057971014492753624
Boussingaultite,MgH20S2(NO7)2,sulfate,114.0,8,0.07017543859649122
Brackebuschite,MnV2(PbO4)2,phosphate_arsenate_vanadate,36.0,7,0.19444444444444445
Bradaczekite,NaCu4(AsO4)3,phosphate_arsenate_vanadate,60.0,16,0.26666666666666666
Braggite,Ni0.5001Pd1Pt2.4999S4,sulfide_selenide_telluride,16.0,4,0.25
Braitschite-(Ce),Na0.84Ca6.16La0.663Tb0.015Ce1.11Pr0.144Nd0.534Sm0.144Eu0.057Gd0.042Dy0.042Y0.216Ho0.015Er0.015B24O53,borate,63.0,11,0.1746031746031746
Brandtite,Ca1.9Mg0.1Mn0.88Fe0.01As2H4Pb0.1O10,phosphate_arsenate_vanadate,54.0,6,0.1111111111111111
Brannerite,UTi2O6,oxide_hydroxide,12.0,9,0.75
Brannockite,KLi3Si12(SnO15)2,silicate,59.0,17,0.288135593220339
Brassite,MgAsO8,phosphate_arsenate_vanadate,120.0,9,0.075
Braunite,Ca0.01Mg0.13Mn6.68Fe0.18Si1O12,silicate,66.0,15,0.22727272727272727
Brazilianite,NaAl3P2(HO3)4,phosphate_arsenate_vanadate,132.0,22,0.16666666666666666
Brendelite,Fe1Bi1P1Pb1O7,phosphate_arsenate_vanadate,21.0,10,0.47619047619047616
Brenkite,Ca2CO3F2,carbonate,48.0,5,0.10416666666666667
Brewsterite-Ba,K0.01Ba0.55Sr0.4Al2.15Si5.85O21,silicate,87.0,12,0.13793103448275862
Brewsterite-Sr,K0.01Ba0.45Sr0.5Al2.05Si5.95O21,silicate,87.0,10,0.11494252873563218
Britholite-(Ce),Ca2.15Ce2.85Si3O12.16F0.84,silicate,123.0,8,0.06504065040650407
Britvinite,Mg9Si10.532B3.468Pb14.144C2O58F2,silicate,192.0,17,0.08854166666666667
Brizziite,NaSbO3,oxide_hydroxide,10.0,6,0.6
Brochantite,Cu4SO10,sulfate,90.0,16,0.17777777777777778
Bromellite,BeO,oxide_hydroxide,4.0,5,1.25
Brookite,TiO2,oxide_hydroxide,36.0,11,0.3055555555555556
Brownmillerite,Ca2Al1Fe1O5,oxide_hydroxide,51.0,15,0.29411764705882354
Brucite,Mg(HO)2,oxide_hydroxide,4.0,6,1.5
Brunogeierite,Fe2GeO4,oxide_hydroxide,5.0,6,1.2
Brushite,CaPH5O6,phosphate_arsenate_vanadate,75.0,18,0.24
Bukovskyite,Fe2AsH19SO18,sulfate,123.0,16,0.13008130081300814
Bulachite,Al2AsO9,phosphate_arsenate_vanadate,216.0,9,0.041666666666666664
Bultfonteinite,Ca2SiO5F,silicate,54.0,11,0.2037037037037037
Burangaite,NaAl5FeP4(H5O12)2,phosphate_arsenate_vanadate,129.0,25,0.1937984496124031
Burbankite,Ba0.33Na2.46Sr1.71Ca0.99La0.06Yb0.09Ce0.15Pr0.03Nd0.06Th0.09C5O15,carbonate,67.0,11,0.16417910447761194
Burkeite,Na4C0.61S1.39O7.39,sulfate,72.0,9,0.125
Burroite,Ca1V5N1O21.5,phosphate_arsenate_vanadate,87.0,12,0.13793103448275862
Bussyite-(Ce),Na3.652Ca0.764La0.236Ce0.824Pr0.114Nd0.374Sm0.08Eu0.008Gd0.078Y0.242Th0.174Mg0.012Mn0.485Be5.176Si8.824O33.15F4,silicate,183.0,17,0.09289617486338798
Bustamite,Ca2.16Mn3.84Si6O18,silicate,42.0,10,0.23809523809523808
Butlerite,FeSO7,sulfate,24.0,8,0.3333333333333333
Buttgenbachite,Cu18.3N1.3Cl3.35O36.9,nitrate,85.0,11,0.12941176470588237
Bystrite,K1.6Na4.8Ca0.94Al5.88Si6.12S3.54Cl0.48O24.48,silicate,181.0,6,0.03314917127071823
Cabalzarite,Ca1Mg0.784Mn0.046Al0.816Fe0.354As2H3O10,phosphate_arsenate_vanadate,24.0,13,0.5416666666666666
Cabrerite,Mg1.172Ni1.828As2H16O16,phosphate_arsenate_vanadate,54.0,12,0.2222222222222222
Cacoxenite,Al4Fe21P17O110,phosphate_arsenate_vanadate,241.0,13,0.05394190871369295
Cadmoindite,Cd(InS2)2,sulfide_selenide_telluride,5.0,10,2.0
Cafarsite,Ca11.84Ti6Mn3.4Fe5.94As22.36O81.36,phosphate_arsenate_vanadate,177.0,10,0.05649717514124294
Cafetite,CaTi2(HO3)2,oxide_hydroxide,132.0,14,0.10606060606060606
Cahnite,Ca2BAsO8,phosphate_arsenate_vanadate,24.0,6,0.25
Calcioaravaipaite,Ca2AlPbF9,halide,39.0,13,0.3333333333333333
Calcioburbankite,Na3.4Sr0.24Ca1.16Ce1.2C5O15,carbonate,153.0,9,0.058823529411764705
Calcioferrite,Sr0.03Ca1.97Mg0.5Al0.534Fe1.465P3H10O20,phosphate_arsenate_vanadate,117.0,15,0.1282051282051282
Calcite,CaCO3,carbonate,5.0,4,0.8
Calderonite,V1.912Fe1Pb1.937O9,phosphate_arsenate_vanadate,39.0,9,0.23076923076923078
Caledonite,Cu2H6Pb5C(SO7)3,sulfate,225.0,7,0.03111111111111111
Callaghanite,Mg2Cu2CO11,carbonate,48.0,15,0.3125
Calzirtite,Ca1Zr2.5Ti0.75Nb0.15Fe0.1O8,oxide_hydroxide,95.0,15,0.15789473684210525
Cancrinite,Cs1Li2.73Al3Si3O16.64,silicate,85.0,14,0.16470588235294117
Carboferriphoxite,K0.912Al0.079Fe0.921P2H9.352C3N1.088O15,phosphate_arsenate_vanadate,108.0,13,0.12037037037037036
Carletonite,K0.882Na3.658Ca3.76Al0.112Si7.748C4O31.373F0.41,silicate,205.0,14,0.06829268292682927
Carlosbarbosaite,Ca0.28Ce0.02Nd0.02U1.44Ta0.52Ti0.22Nb0.8Al0.1Fe0.1Si0.26O14,silicate,57.0,11,0.19298245614035087
Carminite,Fe2As2PbO10,phosphate_arsenate_vanadate,87.0,13,0.14942528735632185
Carnallite,KMgH12(ClO2)3,oxide_hydroxide,414.0,3,0.007246376811594203
Carnotite,KUVO6,phosphate_arsenate_vanadate,54.0,12,0.2222222222222222
Carpathite,HC2,native_element,108.0,13,0.12037037037037036
Carpholite,K0.012Mg0.26Mn1.74Al3.02V0.98Si4H8O20,silicate,117.0,21,0.1794871794871795
Carraraite,Ca3GeH30C2(SO13)2,carbonate,97.0,8,0.08247422680412371
Carrollite,Co2CuS4,sulfide_selenide_telluride,5.0,3,0.6
Caryinite,Na1.376Ca1.91Mg0.56Mn1.77V0.018As2.892P0.09Pb0.384O12,phosphate_arsenate_vanadate,69.0,6,0.08695652173913043
Cassiterite,SnO2,oxide_hydroxide,4.0,5,1.25
Catapleiite,Na2.0001Zr1Si3O11,silicate,96.0,13,0.13541666666666666
Cattierite,CoS2,sulfide_selenide_telluride,5.0,3,0.6
Cavansite,CaVSi4O15,silicate,126.0,14,0.1111111111111111
Caysichite-(Y),Ca1.5Y2.5Si4C3O23,silicate,201.0,14,0.06965174129353234
Cebaite-(Ce),Ba3Ce2C5O15F2,carbonate,78.0,9,0.11538461538461539
Cechite,Mn0.2V1Fe0.8Pb1O5,phosphate_arsenate_vanadate,42.0,13,0.30952380952380953
Celestine,SrSO4,sulfate,36.0,5,0.1388888888888889
Celsian,Ba1Al2Si2O8,silicate,78.0,16,0.20512820512820512
Cerianite-(Ce),CeO2,oxide_hydroxide,1.0,8,8.0
Cerite-(CeCa),Ca0.169Ce8.127Mg1Si6.862O30.899,silicate,148.0,10,0.06756756756756757
Cernyite,Mn0.01Zn0.33Cd0.37Fe0.29Cu2Sn1S4,sulfide_selenide_telluride,14.0,5,0.35714285714285715
Cerussite,PbCO3,carbonate,30.0,5,0.16666666666666666
Cervantite,SbO2,oxide_hydroxide,69.0,9,0.13043478260869565
Chabazite-Ca,Ca1.74Al3.48Si8.52O42.15,silicate,61.0,5,0.08196721311475409
Chabazite-K,K0.78Ca1.2Al3.48Si8.52O35.16,silicate,61.0,8,0.13114754098360656
Chabazite-Na,K0.269Na0.84Ca0.581Al4.056Si7.944O24,silicate,36.0,10,0.2777777777777778
Chabourneite,Tl8Sb21As19(PbS17)4,sulfide_selenide_telluride,357.0,11,0.03081232492997199
Chalcanthite,CuH10SO9,sulfate,60.0,8,0.13333333333333333
Chalcoalumite,Al4Cu1H16S1O19.483,sulfate,258.0,14,0.05426356589147287
Chalcocite,Cu1.344Bi0.138S1,sulfide_selenide_telluride,8.0,9,1.125
Chalcomenite,CuH4SeO5,oxide_hydroxide,129.0,11,0.08527131782945736
Chalconatronite,Na2CuH2C2O9,carbonate,96.0,7,0.07291666666666667
Chalcophanite,Mn3Zn(H3O5)2,oxide_hydroxide,40.0,10,0.25
Chalcophyllite,Al1Cu9As2H48S1.5O44,sulfate,104.0,14,0.1346153846153846
Chalcopyrite,FeCuS2,sulfide_selenide_telluride,13.0,3,0.23076923076923078
Chalcosiderite,Al0.54Fe5.46Cu1P4H16O28,phosphate_arsenate_vanadate,81.0,16,0.19753086419753085
Chalcostibite,CuSbS2,sulfide_selenide_telluride,24.0,3,0.125
Chambersite,Mn3B7ClO13,borate,285.0,22,0.07719298245614035
Chamosite,Mg2.518Al1.2Fe2.482Si3.8O18,silicate,39.0,11,0.28205128205128205
Changoite,Na2Zn(SO6)2,sulfate,48.0,11,0.22916666666666666
Chapmanite,Fe2Si2SbO9,silicate,39.0,20,0.5128205128205128
Charoite,K6.94Ba0.16Na3.18Sr0.5Ca12.82Mn0.18Si35O92.59F1,silicate,474.0,18,0.0379746835443038
Chayesite,K2Mg3.0001Fe1.9999Si12O30,silicate,61.0,11,0.18032786885245902
Chenite,CuPb4(SO7)2,sulfate,30.0,10,0.3333333333333333
Chernovite-(Y),YAsO4,phosphate_arsenate_vanadate,12.0,13,1.0833333333333333
Chervetite,V2Pb2O7,phosphate_arsenate_vanadate,66.0,8,0.12121212121212122
Chesnokovite,Na2Si(H3O2)6,silicate,198.0,24,0.12121212121212122
Chestermanite,Mg2.3285Ti0.01725Al0.165Fe0.36875B1Sb0.1205O5,borate,102.0,10,0.09803921568627451
Chevkinite-(Ce),Ce4Ti2Fe3(Si2O11)2,silicate,45.0,7,0.15555555555555556
Chiavennite,CaMnBe2Si5O17,silicate,150.0,9,0.06
Childrenite,Mn0.11Al1Fe0.89P1H4O7,phosphate_arsenate_vanadate,165.0,11,0.06666666666666667
Chinchorroite,Na2Mg5As6(H11O16)2,phosphate_arsenate_vanadate,99.0,17,0.1717171717171717
Chiolite,Na5Al3F14,halide,33.0,6,0.18181818181818182
Chkalovite,Na2Be(SiO3)2,silicate,93.0,21,0.22580645161290322
Chlorapatite,Ca5P3Cl0.88O12F0.12,phosphate_arsenate_vanadate,36.0,9,0.25
Chlorartinite,Mg2C1Cl1O7,carbonate,106.0,9,0.08490566037735849
Chlorbartonite,K6Fe24S26Cl,sulfide_selenide_telluride,55.0,3,0.05454545454545454
Chloritoid,Mg0.075Al1.92Fe0.965Si1O7,silicate,27.0,12,0.4444444444444444
Chlorophoenicite,Ca0.3Mg0.09Mn2.61Zn2As1O12,phosphate_arsenate_vanadate,27.0,7,0.25925925925925924
Chloroxiphite,CuPb3(ClO2)2,oxide_hydroxide,27.0,11,0.4074074074074074
Choloalite,Ca0.3Cu2.79Sb0.21Te6Pb2.7Cl0.92O18,oxide_hydroxide,90.0,3,0.03333333333333333
Chondrodite,Mg4.95Fe0.05Si2O8.7F1.3,silicate,48.0,7,0.14583333333333334
Christelite,Zn3Cu2H14(SO9)2,sulfate,54.0,9,0.16666666666666666
Chromatite,CaCrO4,chromate,12.0,5,0.4166666666666667
Chromite,Mg0.567Ti0.004Mn0.009Al0.19Cr1.75Fe0.479O4,oxide_hydroxide,5.0,11,2.2
Chrysoberyl,BeAl2O4,oxide_hydroxide,36.0,13,0.3611111111111111
Chrysotile,Mg3Si2O9,silicate,81.0,12,0.14814814814814814
Chukhrovite-(Ca),Na0.12Ca4.33Al2Fe0.03H24S1O16F13,sulfate,79.0,5,0.06329113924050633
Churchite-(Y),Gd0.007Dy0.028Y0.947Er0.018P1O6,phosphate_arsenate_vanadate,24.0,12,0.5
Cianciulliite,Mg2MnZn2O14,oxide_hydroxide,27.0,3,0.1111111111111111
Claringbullite,Cu3.99H6Cl1.29O6.71,oxide_hydroxide,22.0,12,0.5454545454545454
Claudetite,As2O3,oxide_hydroxide,30.0,5,0.16666666666666666
Cliffordite,U(TeO3)3,oxide_hydroxide,60.0,6,0.1
Clinoatacamite,Cu2ClO3,oxide_hydroxide,30.0,13,0.43333333333333335
Clinobisvanite,VBiO4,phosphate_arsenate_vanadate,18.0,6,0.3333333333333333
Clinocervantite,SbO2,oxide_hydroxide,15.0,6,0.4
Clinochalcomenite,CuSeO5,oxide_hydroxide,42.0,9,0.21428571428571427
Clinochlore,Mg5.1Al1.2Cr0.7Si3O18,silicate,39.0,11,0.28205128205128205
Clinoclase,Cu3AsO7,phosphate_arsenate_vanadate,66.0,12,0.18181818181818182
Clinoenstatite,Mg1.425Cr0.611Si1.964O6,silicate,60.0,26,0.43333333333333335
Clinoferrosilite,Ca0.2Fe0.8Si1O3,silicate,30.0,8,0.26666666666666666
Clino-ferro-suenoite,Na0.01Ca0.16Mg1.38Mn0.98Al0.01Zn0.01Fe4.44Si8H2O23.99F0.01,silicate,60.0,15,0.25
Clinohedrite,CaZnSiH2O5,silicate,57.0,20,0.3508771929824561
Clinohumite,Mg9Si4H0.92O16.96F1.04,silicate,96.0,12,0.125
Clinophosinaite,Na6Ca2Si2P2O14,silicate,168.0,7,0.041666666666666664
Clinoptilolite-Ca,K1.28Na1.78Ca1.78Al2.74Si15.26O45.58,silicate,108.0,13,0.12037037037037036
Clinoptilolite-K,K1.06Ba0.16Na0.42Ca0.22Al3.48Si14.52O38.58,silicate,105.0,8,0.0761904761904762
Clinoptilolite-Na,K0.4Na4Ca1.82Mg0.04Al4.08Si13.92O48.76,silicate,135.0,8,0.05925925925925926
Clinozoisite,Ca2Al3Si3HO13,silicate,60.0,14,0.23333333333333334
Clintonite,Ca1Mg2Al4Si1O12,silicate,27.0,10,0.37037037037037035
Coalingite,Mg0.87Mn0.02Fe0.11C0.03O2.48,carbonate,13.0,11,0.8461538461538461
Cobaltarthurite,Ca0.02Mg0.27Mn0.08Fe2Co0.59Cu0.02Ni0.02As1.98Pt0.01S0.01O14,sulfate,54.0,17,0.3148148148148148
Cobaltaustinite,Ca1Co0.95Cu0.05As1H1O5,phosphate_arsenate_vanadate,105.0,6,0.05714285714285714
Cobaltlotharmeyerite,Ca1Fe0.67Co0.97Ni0.36As2H2O10,phosphate_arsenate_vanadate,21.0,10,0.47619047619047616
Cobaltomenite,CoH4SeO5,oxide_hydroxide,66.0,5,0.07575757575757576
Coesite,SiO2,silicate,33.0,10,0.30303030303030304
Colemanite,Ca0.94B3H5O8,borate,102.0,21,0.20588235294117646
Colinowensite,BaCu(SiO3)2,silicate,74.0,15,0.20270270270270271
Collinsite,Ca2Mg0.92Mn0.01Fe0.06H4Pt2O10,oxide_hydroxide,27.0,10,0.37037037037037035
Colquiriite,LiCaAlF6,halide,11.0,7,0.6363636363636364
Columbite-(Fe),Ta0.499Nb1.502Fe0.999O6,oxide_hydroxide,54.0,5,0.09259259259259259
Columbite-(Mn),Ca0.001Ta0.094Ti0.063Mn0.457Nb1.836Fe0.534Sn0.001W0.014O6,oxide_hydroxide,54.0,9,0.16666666666666666
Colusite,Zn0.01Fe0.31Cu0.53Sn0.05Sb0.01Te0.02Mo0.09As0.03S0.71,sulfide_selenide_telluride,1.0,7,7.0
Congolite,Mg0.6Fe2.4B7Cl1O13,borate,70.0,13,0.18571428571428572
Conichalcite,CaCuAsO5,phosphate_arsenate_vanadate,93.0,5,0.053763440860215055
Connellite,Cu9.048S0.133N0.034Cl2.001O36.699,sulfate,193.0,11,0.05699481865284974
Coquimbite,Al0.9Fe3.1S6O42,sulfate,76.0,10,0.13157894736842105
Cordierite,K0.02Na0.1Li0.12Ca0.03Mg1.54Al4Fe0.46Si5O18.48,silicate,90.0,19,0.2111111111111111
Cordylite-(Ce),BaNaCe2C4O12F,carbonate,27.0,9,0.3333333333333333
Corkite,Fe3PH6PbSO14,sulfate,43.0,12,0.27906976744186046
Cornetite,Cu3PO7,phosphate_arsenate_vanadate,132.0,19,0.14393939393939395
Cornwallite,Cu5As1.8P0.2H4O12,phosphate_arsenate_vanadate,66.0,7,0.10606060606060606
Coronadite,Mn2Pb0.268O4,oxide_hydroxide,21.0,3,0.14285714285714285
Correianevesite,Mn1.68Fe1.32P2H6O11,phosphate_arsenate_vanadate,126.0,12,0.09523809523809523
Corundum,Al2O3,oxide_hydroxide,7.0,6,0.8571428571428571
Cosalite,Cu0.12Bi4Pb4S10,sulfide_selenide_telluride,114.0,3,0.02631578947368421
Cotunnite,PbCl2,halide,18.0,3,0.16666666666666666
Covellite,CuS,sulfide_selenide_telluride,8.0,5,0.625
Crandallite,Ca1.002Al3P2O14,phosphate_arsenate_vanadate,18.0,22,1.2222222222222223
Crednerite,Mn0.96Cu1.04O2,oxide_hydroxide,3.0,5,1.6666666666666667
Creedite,Ca3Al2H6S(OF)8,sulfate,84.0,11,0.13095238095238096
Crichtonite,Sr0.7La0.05Ce0.05Ti13.602Mn0.7Fe6.698Pb0.1O38,oxide_hydroxide,58.0,10,0.1724137931034483
Cristobalite,SiO2,silicate,21.0,6,0.2857142857142857
Crocoite,CrPbO4,chromate,36.0,3,0.08333333333333333
Cronstedtite,Fe1.4Si0.5O4.001,silicate,11.0,6,0.5454545454545454
Crookesite,Tl1Cu7Se4,sulfide_selenide_telluride,15.0,3,0.2
Cryolite,Na3AlF6,halide,24.0,4,0.16666666666666666
Cryolithionite,Na3Li3Al2F12,halide,25.0,3,0.12
Cubanite,Fe2CuS3,sulfide_selenide_telluride,36.0,6,0.16666666666666666
Cubic zirconia,ZrO2,oxide_hydroxide,1.0,7,7.0
Cubothioplumbite,H4Pb5S6O13,oxide_hydroxide,135.0,12,0.08888888888888889
Cumengeite,Cu20Pb21Cl42O40,oxide_hydroxide,121.0,12,0.09917355371900827
Cuprite,Cu2O,oxide_hydroxide,1.0,10,10.0
Cuprocherokeeite,Zn2.52Cu1.48Pb8S4O36,sulfate,150.0,9,0.06
Cuprosklodowskite,U2Cu(SiO9)2,silicate,33.0,9,0.2727272727272727
Curienite,U2V2PbO16,phosphate_arsenate_vanadate,126.0,13,0.10317460317460317
Curite,SrU2O8,oxide_hydroxide,126.0,9,0.07142857142857142
Cuspidine,Na1.99Ca2.01P2O7F2,phosphate_arsenate_vanadate,90.0,19,0.2111111111111111
Cyanochroite,K2CuH12(SO7)2,sulfate,90.0,11,0.12222222222222222
Cymrite,Ba1Al2Si2O9,silicate,357.0,12,0.03361344537815126
Cyrilovite,NaFe3(PO7)2,phosphate_arsenate_vanadate,148.0,16,0.10810810810810811
Dachiardite-Ca,K0.23Na0.15Ca0.64Al0.79Si5.19O14.92,silicate,123.0,11,0.08943089430894309
Dacostaite,K0.848Mg3.32Al1.68As2O22F6,phosphate_arsenate_vanadate,60.0,15,0.25
Dadsonite,Sb26.006Pb21.994S60Cl1,sulfide_selenide_telluride,177.0,3,0.01694915254237288
Dalyite,K1.7Na0.3Zr1Si6O15,silicate,33.0,13,0.3939393939393939
Danalite,Be3Fe4Si3SO12,silicate,32.0,11,0.34375
Danburite,CaSi2(BO4)2,silicate,78.0,20,0.2564102564102564
Datolite,CaSiBHO5,silicate,54.0,22,0.4074074074074074
Davidite-(La),Sr0.045Ca0.1La0.455Y0.15Mg0.12U0.165Ti6.336Cr0.105Fe3.076O19,chromate,58.0,7,0.1206896551724138
Davidlloydite,Zn2.6Cu0.4As2H8O12,phosphate_arsenate_vanadate,36.0,10,0.2777777777777778
Davyne,K0.84Na1.65Ca1Al3.09Si2.91Cl1O12,silicate,76.0,11,0.14473684210526316
Dawsonite,NaAlCO5,carbonate,18.0,12,0.6666666666666666
Decrespignyite-(Y),Ca0.52Y12.21Cu5.3C14Cl2.21O70.79,carbonate,92.0,15,0.16304347826086957
Defernite,Ca6Si0.26C1.74O13.79,silicate,162.0,10,0.06172839506172839
Delafossite,FeCuO2,oxide_hydroxide,2.0,3,1.5
Delhayelite,K3.51Na1.5Ca2.5Al1Si7Cl0.9O19F2,silicate,108.0,13,0.12037037037037036
Demesmaekerite,U2Cu5Pb2(SeO5)6,oxide_hydroxide,66.0,10,0.15151515151515152
Dendoraite-(NH4),K0.686Na1Al0.916Fe0.084P2H4C2N1.314O14,phosphate_arsenate_vanadate,156.0,17,0.10897435897435898
Denningite,MnTe2O5,oxide_hydroxide,58.0,7,0.1206896551724138
Derbylite,Ti3Fe4Sb1O14,oxide_hydroxide,66.0,5,0.07575757575757576
Derriksite,UCu4(SeO7)2,oxide_hydroxide,123.0,12,0.0975609756097561
Descloizite,VZnPbO5,phosphate_arsenate_vanadate,93.0,8,0.08602150537634409
Despujolsite,Ca3MnS2O17,sulfate,57.0,7,0.12280701754385964
Destinezite,Al0.2275Fe1.7725P1H13S1O15,sulfate,96.0,13,0.13541666666666666
Devilline,CaCu4S2O17,sulfate,288.0,13,0.04513888888888889
Devitoite,Ba6Fe9Si8P2C1O41,silicate,102.0,10,0.09803921568627451
Dewindtite,U3P2(PbO13)2,phosphate_arsenate_vanadate,198.0,10,0.050505050505050504
Diaboleite,CuH4Pb2(ClO2)2,oxide_hydroxide,24.0,8,0.3333333333333333
Diaoyudaoite,Na1.221Al11O17.111,oxide_hydroxide,54.0,14,0.25925925925925924
Diaspore,AlHO2,oxide_hydroxide,24.0,4,0.16666666666666666
Dickinsonite-(KMnNa),K1Na4Ca1Al1Fe14P12O48F2,phosphate_arsenate_vanadate,270.0,11,0.040740740740740744
Dickite,Al2Si2O9,silicate,75.0,12,0.16
Dickthomssenite,MgV2H14O13,phosphate_arsenate_vanadate,354.0,10,0.02824858757062147
Diegogattaite,Na4Ca2Cu4Si16H4O42,silicate,108.0,22,0.2037037037037037
Dietzeite,Ca2CrI2O11,chromate,96.0,13,0.13541666666666666
Digenite,Cu1.798S1,sulfide_selenide_telluride,19.0,5,0.2631578947368421
Dingdaohengite-(Ce),Ca0.44La1.46Ce2.1Mg0.4Ti2.84Nb0.04Fe1.72Si4O22,silicate,96.0,10,0.10416666666666667
Dinilawiite,Al2Pb8S5O29,sulfate,135.0,6,0.044444444444444446
Diopside,CaMg(SiO3)2,silicate,30.0,13,0.43333333333333335
Dioptase,CuSi(HO2)2,silicate,48.0,17,0.3541666666666667
Dixenite,Mg0.1Mn12.9Fe1Cu0.843Si1.7As6.3O33,silicate,112.0,12,0.10714285714285714
Dmisteinbergite,Ca1Al2Si2O8,silicate,15.0,8,0.5333333333333333
Dmitryvarlamovite,Ti0.9Nb0.57V0.02Cr0.01Fe0.5O4,chromate,33.0,14,0.42424242424242425
Dolerophanite,Cu2SO5,sulfate,21.0,11,0.5238095238095238
Dolomite,CaMg(CO3)2,carbonate,8.0,4,0.5
Donnayite-(Y),Ba0.03Na0.4Sr0.73Ca0.15La0.1Yb0.01Ce0.2Pr0.01Nd0.05Gd0.02Dy0.03Y0.26Er0.01C2O7,carbonate,96.0,10,0.10416666666666667
Donpeacorite,Mg1.47Mn0.53Si2O6,silicate,120.0,13,0.10833333333333334
Dozyite,Mg3Si2O9,silicate,123.0,9,0.07317073170731707
Dravite,NaMg3Al6Si6B3O31,silicate,77.0,13,0.16883116883116883
Dreyerite,VBiO4,phosphate_arsenate_vanadate,12.0,7,0.5833333333333334
Dufrenoysite,As2Pb2S5,sulfide_selenide_telluride,213.0,9,0.04225352112676056
Duftite,CuAsPbO5,phosphate_arsenate_vanadate,93.0,6,0.06451612903225806
Dugganite,Zn3TeAs2Pb3O14,phosphate_arsenate_vanadate,32.0,12,0.375
Dukeite,Cr4(Bi4O11)3,chromate,292.0,6,0.02054794520547945
Dumortierite,Al6.81Si2.98B1O18,silicate,174.0,17,0.09770114942528736
Dundasite,Al2PbC2O11,carbonate,96.0,13,0.13541666666666666
Durangite,NaAlAsO4F,phosphate_arsenate_vanadate,21.0,15,0.7142857142857143
Dussertite,Ba1Fe2.52Sb0.48As2O14,phosphate_arsenate_vanadate,14.0,10,0.7142857142857143
Dwornikite,NiH2SO5,sulfate,24.0,7,0.2916666666666667
Eakerite,Ca2Al2Si6SnO22,silicate,96.0,20,0.20833333333333334
Eckermannite,K0.067Na2.829Ca0.11Mg3.884Mn0.01Al0.62Fe0.486Si8H1.97O23.97F0.03,silicate,66.0,15,0.22727272727272727
Eclarite,Fe0.4Cu0.6Bi11.4Sb0.6Pb9S28,sulfide_selenide_telluride,300.0,8,0.02666666666666667
Eddavidite,Cu6Pb1Br0.4949Cl0.4449O7.5496,oxide_hydroxide,4.0,5,1.25
Edgarbaileyite,Si2Hg6O7,silicate,21.0,8,0.38095238095238093
Edgarite,Nb3FeS6,sulfide_selenide_telluride,23.0,4,0.17391304347826086
Edingtonite,Ba0.9Ca0.1Al2Si3O13.08,silicate,117.0,11,0.09401709401709402
Edoylerite,CrHg3(SO2)2,chromate,60.0,5,0.08333333333333333
Edwindavisite,CuH3C2NO4,oxide_hydroxide,132.0,11,0.08333333333333333
Effenbergerite,Ba0.5Sr0.5Cu1Si4O10,silicate,67.0,10,0.14925373134328357
Eglestonite,Hg6Cl3O2,oxide_hydroxide,32.0,4,0.125
Ehrleite,Ca2Be1Zn1P3O16,phosphate_arsenate_vanadate,72.0,16,0.2222222222222222
Eirikite,K0.983Na6.017Be2Al3.00006Si14.99994O39F2,silicate,50.0,14,0.28
Eitelite,Na2Mg(CO3)2,carbonate,10.0,6,0.6
Ekanite,Ca1.92Th0.95U0.05Mn0.02Fe0.06Si8O20,silicate,55.0,15,0.2727272727272727
Elaliite,Fe4.5P0.5O6,phosphate_arsenate_vanadate,30.0,36,1.2
Elbaite,Na0.549Li1.3629Ca0.018Mn0.0309Al7.6059Si6B3O30.681F0.319,silicate,77.0,13,0.16883116883116883
Elliottite,Na0.68Mg1.044Al3P2O16.624F6,phosphate_arsenate_vanadate,42.0,8,0.19047619047619047
Elpasolite,K2NaAlF6,halide,4.0,5,1.25
Elpidite,Na2Zr(SiO3)6,silicate,162.0,18,0.1111111111111111
Elyite,CuH5Pb4SO11,sulfate,264.0,11,0.041666666666666664
Emeleusite,Na2LiFe(Si2O5)3,silicate,150.0,19,0.12666666666666668
Emmonsite,Fe2Te3O10,oxide_hydroxide,45.0,14,0.3111111111111111
Emplectite,CuBiS2,sulfide_selenide_telluride,24.0,3,0.125
Enargite,Cu3AsS4,sulfide_selenide_telluride,45.0,8,0.17777777777777778
Enstatite,Mg0.751Fe0.249Si1O3,silicate,120.0,11,0.09166666666666666
Eosphorite,Mn0.8Al1Fe0.2P1H4O7,phosphate_arsenate_vanadate,78.0,11,0.14102564102564102
Ephesite,Na1Li1Al4Si2H2O12,silicate,129.0,17,0.13178294573643412
Epididymite,NaBeSi3O8,silicate,156.0,14,0.08974358974358974
Epidote,Ca2Al2Fe1Si3O13,silicate,57.0,19,0.3333333333333333
Epiebnerite,ZnPNO4,phosphate_arsenate_vanadate,81.0,10,0.12345679012345678
Epistilbite,K0.0235Na0.0375Ca0.3335Al0.768Si2.232O8,silicate,141.0,10,0.07092198581560284
Epistolite,Na3.79Ca0.27Ti1.04Mn0.04Nb2.12Fe0.04Si4.4O22,silicate,57.0,9,0.15789473684210525
Epsomite,MgH14SO11,sulfate,321.0,5,0.01557632398753894
Erdite,NaFe(SO)2,oxide_hydroxide,18.0,8,0.4444444444444444
Ericssonite,Ba0.7Sr0.3Ti0.1Mn1.4Fe1.5Si2O9,silicate,84.0,10,0.11904761904761904
Eriochalcite,Cu(ClO)2,oxide_hydroxide,12.0,10,0.8333333333333334
Erionite-Ca,K1Ca2Al3.66Si14.34O50.85,silicate,131.0,12,0.0916030534351145
Erionite-K,Al0.25Si0.75O2,silicate,69.0,3,0.043478260869565216
Erionite-Na,K1Na2.484Mg0.222Al3.73506Si14.26494O51.567,silicate,123.0,7,0.056910569105691054
Ermeloite,AlPH2O5,phosphate_arsenate_vanadate,24.0,9,0.375
Erythrite,Fe0.74Co2.01Ni0.25As2H16O16,phosphate_arsenate_vanadate,54.0,9,0.16666666666666666
Erythrosiderite,K2FeH2Cl5O,oxide_hydroxide,66.0,11,0.16666666666666666
Eskebornite,FeCuSe2,sulfide_selenide_telluride,13.0,4,0.3076923076923077
Eskolaite,Mg0.042Ti0.076Al0.058Cr1.702Fe0.122O3,oxide_hydroxide,7.0,5,0.7142857142857143
Espadaite,Na3.304Ca3Mg2.25As12O55.16,phosphate_arsenate_vanadate,255.0,12,0.047058823529411764
Esperite,Ca2Zn3Si3PbO12,silicate,126.0,14,0.1111111111111111
Esseneite,Ca0.97Al1.34Fe0.61Si1.08O6,silicate,30.0,10,0.3333333333333333
Ettringite,Ca6Al2S3O49.68,sulfate,184.0,10,0.05434782608695652
Euchlorine,KNaCu3S3O13,sulfate,126.0,16,0.12698412698412698
Euchroite,Cu2AsO8,phosphate_arsenate_vanadate,129.0,11,0.08527131782945736
Euclase,BeAlSiO5,silicate,48.0,20,0.4166666666666667
Eucryptite,LiAlSiO4,silicate,100.0,16,0.16
Eudialyte,K0.18Na11.82Ca8.04La0.09Ce0.15Y0.66Zr3Mn0.72Nb0.288Fe1.53Si25.708Cl0.972O75.776,silicate,139.0,17,0.1223021582733813
Eudidymite,NaBeSi3O8,silicate,78.0,10,0.1282051282051282
Eulytine,Si3(BiO3)4,silicate,27.0,13,0.48148148148148145
Euxenite-(Y),Y1Ti1Nb1O6,oxide_hydroxide,54.0,16,0.2962962962962963
Eveite,Mn2AsO5,phosphate_arsenate_vanadate,48.0,7,0.14583333333333334
Ezcurrite,Na2B5H5O12,borate,72.0,24,0.3333333333333333
Faheyite,MnBe2Fe2(P2O11)2,phosphate_arsenate_vanadate,138.0,18,0.13043478260869565
Fairfieldite,Ca2Mg0.01Mn0.73Fe0.23H4Pt2O10,oxide_hydroxide,27.0,15,0.5555555555555556
Faizievite,K1.93Rb0.03Ba0.04Na2.39Sr0.17Li6Ca6.16Ti4Si24O66.37F1.63,silicate,168.0,13,0.07738095238095238
Famatinite,Cu3SbS4,sulfide_selenide_telluride,14.0,4,0.2857142857142857
Farringtonite,Mg3(PO4)2,phosphate_arsenate_vanadate,36.0,16,0.4444444444444444
Faujasite-Ca,Ca0.731Al1.782Si4.218O13.625,silicate,82.0,7,0.08536585365853659
Faustite,Al6Zn0.927P4H16O28,phosphate_arsenate_vanadate,81.0,20,0.24691358024691357
Fayalite,Ca0.004Mg0.078Mn0.074Fe1.844Si1O4,silicate,36.0,11,0.3055555555555556
Fedotovite,K2Cu3S3O13,sulfate,126.0,19,0.15079365079365079
Felsobanyaite,Al4Os4SO14,sulfate,273.0,14,0.05128205128205128
Fenaksite,KNaFe(Si2O5)2,silicate,51.0,14,0.27450980392156865
Fencooperite,Ba6Fe3Si8C2Cl1.62O31.38,silicate,85.0,10,0.11764705882352941
Ferberite,FeWO4,oxide_hydroxide,18.0,8,0.4444444444444444
Ferriallanite-(Ce),Ca1.08Ce0.92Ti0.14Mn0.07Al0.68Fe2.17Si2.94H1O13,silicate,60.0,8,0.13333333333333333
Ferriallanite-(La),Ca1.09La0.49Ce0.42Mg0.05Ti0.17Mn0.29Al1.356Fe1.134Si3H1O13,silicate,60.0,7,0.11666666666666667
Ferricopiapite,Al0.23Zn0.03Fe4.43S6O46,sulfate,84.0,11,0.13095238095238096
Ferrierite-Mg,K0.82Mg1Al2.28Si15.72O47.56,silicate,111.0,8,0.07207207207207207
Ferrilotharmeyerite,Ca1Zn1.006Fe0.994As2O10,phosphate_arsenate_vanadate,18.0,12,0.6666666666666666
Ferrinatrite,Na3Fe(SO5)3,sulfate,130.0,11,0.08461538461538462
Ferriphoxite,K1.013Al0.105Fe0.895P2C2N1.987O13,phosphate_arsenate_vanadate,132.0,19,0.14393939393939395
Ferro-actinolite,K0.048Na0.024Ca1.952Mg0.742Ti0.004Mn0.18Al0.02Fe4.104Si7.98H1.868Cl0.006O23.984F0.01,silicate,63.0,12,0.19047619047619047
Ferroalluaudite,NaFe3(PO4)3,phosphate_arsenate_vanadate,57.0,12,0.21052631578947367
Ferrobobfergusonite,Ba0.8Na2.64Ca0.28Mg0.88Mn1.8Al2.46Fe8.58P12O48,phosphate_arsenate_vanadate,234.0,12,0.05128205128205128
Ferroericssonite,Ba1Fe3Si2Cl0.23O8.77,silicate,42.0,14,0.3333333333333333
Ferro-ferri-fluoro-leakeite,K0.238Na2.662Li0.64Mg0.54Ti0.08Mn0.7Al0.328Zn0.06Fe2.98Si7.672O22.3F1.7,silicate,63.0,11,0.1746031746031746
Ferrofettelite,Fe0.526Ag16Hg0.474As4S15,sulfide_selenide_telluride,429.0,4,0.009324009324009324
Ferro-holmquistite,K0.01Na0.04Li1.88Mg1.47Mn0.01Al1.89Fe1.71Si8H1.97O23.97F0.03,silicate,252.0,18,0.07142857142857142
Ferronordite-(Ce),Ba0.02Na2.901Sr0.98Ca0.099La0.42Ce0.51Pr0.03Nd0.04Mg0.1Mn0.26Zn0.22Fe0.42Si6O17,silicate,168.0,15,0.08928571428571429
Ferropargasite,K0.37Na0.36Ca1.94Mg1.8Ti0.06Al2.3Fe2.76Si6.08H1.74O23.74F0.26,silicate,66.0,13,0.19696969696969696
Ferroselite,FeSe2,sulfide_selenide_telluride,6.0,3,0.5
Ferrosilite,Ca0.02Mg0.125Fe0.855Si1O3,silicate,120.0,9,0.075
Ferrowyllieite,Na2.31Ca0.5Mg0.5Mn0.5Al1.5Fe4P6O24,phosphate_arsenate_vanadate,120.0,12,0.1
Fersmanite,Na2.37Sr0.08Ca5.49Ti2.39Mn0.03Nb1.61Fe0.03Si4O22F3,silicate,123.0,18,0.14634146341463414
Fersmite,CaNb2O6,oxide_hydroxide,54.0,13,0.24074074074074073
Fettelite,Ag16Hg1Sb0.4035As3.5965S15,sulfide_selenide_telluride,429.0,3,0.006993006993006993
Fianelite,Mn2V1.62As0.38O9,phosphate_arsenate_vanadate,78.0,6,0.07692307692307693
Fibroferrite,FeSO10,sulfate,72.0,15,0.20833333333333334
Fiedlerite,Pb3Cl4O2F,oxide_hydroxide,30.0,7,0.23333333333333334
Filatovite,K0.9Na0.1Al1.9Zn0.1Si0.9As1.1O8,silicate,78.0,10,0.1282051282051282
Fillowite,Na5.86Ca2.33Mn17.8Fe4.01P18O72,phosphate_arsenate_vanadate,238.0,11,0.046218487394957986
Finnemanite,As3Pb5ClO9,phosphate_arsenate_vanadate,27.0,9,0.3333333333333333
Fizelyite,Ag1.486Sb5.215Pb3.436S12,sulfide_selenide_telluride,150.0,8,0.05333333333333334
Fleischerite,Ge1Pb3S2O17,sulfate,62.0,5,0.08064516129032258
Florkeite,K2.929Na1Ca2Al8Si8O44,silicate,198.0,16,0.08080808080808081
Fluellite,Al2P1H17.24O12F2,phosphate_arsenate_vanadate,129.0,14,0.10852713178294573
Fluoborite,Mg3BH3(OF)3,borate,21.0,6,0.2857142857142857
Fluocerite-(Ce),CeF3,halide,17.0,10,0.5882352941176471
Fluorapatite,Ca5P3O12F,phosphate_arsenate_vanadate,33.0,9,0.2727272727272727
Fluorapophyllite-(K),K0.84Na0.16Ca4Si8O28F1,silicate,75.0,16,0.21333333333333335
Fluorbritholite-(Ce),Ca2.45La0.55Ce1.05Pr0.1Nd0.3Sm0.05Y0.1Th0.35U0.05Si2.79B0.09P0.12O12.12F0.88,silicate,61.0,7,0.11475409836065574
Fluor-buergerite,NaAl6Fe3Si6B3H3O30F,silicate,82.0,10,0.12195121951219512
Fluorcalciobritholite,Ca3.006La0.542Ce0.931Pr0.079Nd0.261Y0.179Si1.95P1.05O12F1,silicate,33.0,15,0.45454545454545453
Fluorcalciomicrolite,Na0.82Ca1.06Ta1.79Nb0.21O6.21F0.79,oxide_hydroxide,6.0,10,1.6666666666666667
Fluorcalciopyrochlore,Na0.78Sr0.02Ca1.16Zr0.01U0.03Ti0.22Nb1.67Fe0.04Si0.06O6.1F0.9,silicate,6.0,11,1.8333333333333333
Fluorcalcioromeite,Ca1.58Sb2O6.37F0.44,oxide_hydroxide,6.0,3,0.5
Fluor-dravite,K0.029Na0.471Li0.018Ca0.368Mg2.292Ti0.033Mn0.012Al5.439Fe1.143Si6B3O30.505F0.495,silicate,77.0,14,0.18181818181818182
Fluor-elbaite,K0.008Na0.786Li0.849Ca0.021Ti0.033Mn0.897Al7.23Zn0.009Si5.976B3.006H3O30.352F0.648,silicate,82.0,13,0.15853658536585366
Fluorellestadite,Ca5Si1.5S1.5O12F1,silicate,33.0,9,0.2727272727272727
Fluorite,CaF2,halide,1.0,7,7.0
Fluor-liddicoatite,Na0.29Li1.32Ca0.57Mn0.06Al7.41Si5.88B3.12H3.24O30.24F0.76,silicate,87.0,17,0.19540229885057472
Fluormacraeite,K0.926Mg0.262Ti1.02Mn1.75Al0.129Fe1.839P4H29O32.164F0.81,phosphate_arsenate_vanadate,426.0,16,0.03755868544600939
Fluornatromicrolite,Na0.88Ca0.88Ta1.7Nb0.14Si0.12As0.04Pb0.02O6F0.73,silicate,6.0,12,2.0
Fluorophlogopite,K1Mg3Al1Si3O10F2,silicate,27.0,7,0.25925925925925924
Fluor-rewitzerite,K1.017Mg0.114Ti1.212Mn1.886Al1.788P4H25O31.783F1,phosphate_arsenate_vanadate,402.0,15,0.03731343283582089
Fluor-uvite,Na0.173Li0.024Ca0.813Mg3.591Ti0.027Al5.514V0.027Cr0.003Si5.814B3O30.033F0.967,silicate,77.0,15,0.19480519480519481
Foitite,Na0.25Li0.219Mg0.051Mn0.24Al6.891Fe1.599Si6B3O31,silicate,77.0,14,0.18181818181818182
Foordite,Nb2SnO6,oxide_hydroxide,27.0,10,0.37037037037037035
Footemineite,Li0.17Ca2Mg0.05Mn4.14Be4Fe0.52P6O34,phosphate_arsenate_vanadate,75.0,19,0.25333333333333335
Fornacite,Cr1Cu1As0.925P0.075Pb2O9,chromate,84.0,5,0.05952380952380952
Forsterite,Mg1.8Fe0.2Si1O4,silicate,36.0,9,0.25
Foshagite,Ca4Si3O11,silicate,54.0,16,0.2962962962962963
Fourmarierite,U4PbO19,oxide_hydroxide,285.0,7,0.02456140350877193
Francevillite,Ba0.96U2V2Pb0.04O17,phosphate_arsenate_vanadate,132.0,12,0.09090909090909091
Franciscanite,Mn3V0.5Si1O7,silicate,46.0,7,0.15217391304347827
Frankamenite,K2.87Na3.14Ca4.86Si12O32.78F2,silicate,171.0,14,0.08187134502923976
Franklinite,Zn1Fe2O4,oxide_hydroxide,5.0,9,1.8
Fredrikssonite,Mg1.96Mn0.78Al0.02Fe0.24B1O5,borate,48.0,12,0.25
Freieslebenite,AgSbPbS3,sulfide_selenide_telluride,36.0,3,0.08333333333333333
Fresnoite,Ba2Ti(SiO4)2,silicate,47.0,12,0.2553191489361702
Friedelite,Mn8Si6ClO24,silicate,117.0,8,0.06837606837606838
Frolovite,Ca(BO4)2,borate,33.0,8,0.24242424242424243
Frondelite,Mn0.62Zn0.06Fe4.32P3H3O17,phosphate_arsenate_vanadate,90.0,11,0.12222222222222222
Gadolinite-(Y),Ce0.08Nd0.14Sm0.084Gd0.084Dy0.112Y1.3Er0.042Be2Fe0.864Si2O10,silicate,48.0,6,0.125
Gadolinium gallium garnet,Gd3Ga5O12,oxide_hydroxide,25.0,15,0.6
Gagarinite-(Y),Na0.3Ca0.475Tb0.005Yb0.005Ce0.005Nd0.005Sm0.015Gd0.045Dy0.05Y0.36Ho0.015Er0.02F2.7,halide,6.0,8,1.3333333333333333
Gahnite,Al2ZnO4,oxide_hydroxide,5.0,8,1.6
Gaidonnayite,Na2ZrSi3O11,silicate,201.0,10,0.04975124378109453
Gaitite,Ca2Mg0.42Zn0.58As2H4O10,phosphate_arsenate_vanadate,27.0,11,0.4074074074074074
Gajardoite,K0.77Na0.05Ca0.71Mg0.05As4Cl2O10.78,oxide_hydroxide,14.0,4,0.2857142857142857
Galaxite,Mn0.89Al2.11O4,oxide_hydroxide,5.0,15,3.0
Galeite,Na15S5Cl(O5F)4,sulfate,213.0,8,0.03755868544600939
Galenobismutite,Bi2Pb1Se0.13S3.87,sulfide_selenide_telluride,42.0,6,0.14285714285714285
Galkhaite,Cs0.595Tl0.304Zn0.528Fe0.03Cu0.864Hg4.224Sb0.068As3.932S12,sulfide_selenide_telluride,18.0,6,0.3333333333333333
Galuskinite,Ca7Si3C1O15.109,silicate,162.0,16,0.09876543209876543
Gamagarite,Ba1.8Sr0.2Mn0.44V1.82Fe0.56As0.18H1O9,phosphate_arsenate_vanadate,42.0,13,0.30952380952380953
Ganomalite,Ca5MnSi9(Pb3O11)3,silicate,86.0,12,0.13953488372093023
Garnet,Mn1Si1O3,silicate,80.0,18,0.225
Garronite-Ca,Na0.2Ca0.704Al1.5Si2.5O11.02,silicate,101.0,9,0.0891089108910891
Gartrellite,FeCuAs2PbO10,phosphate_arsenate_vanadate,18.0,12,0.6666666666666666
Garyansellite,Mg1.27Mn0.2Fe1.528P2H4.71O11,phosphate_arsenate_vanadate,120.0,13,0.10833333333333334
Gaspeite,NiCO3,carbonate,5.0,4,0.8
Gaudefroyite,Ca4Mn3B3C1O15,carbonate,42.0,12,0.2857142857142857
Gaylussite,Na2CaH10C2O11,carbonate,78.0,4,0.05128205128205128
Gearksutite,CaAl(OF2)2,oxide_hydroxide,24.0,15,0.625
Gedrite,Na0.36Ca0.04Mg4.48Al2.96Fe1.26Si6.24O24,silicate,240.0,12,0.05
Gehlenite,Ca2Mg0.05Al1.91Fe0.02Si1.02O7,silicate,45.0,14,0.3111111111111111
Geikielite,Mg0.6Ti1Mn0.4O3,oxide_hydroxide,10.0,8,0.8
Gelosaite,Bi1Mo2.102H3O9,oxide_hydroxide,102.0,12,0.11764705882352941
Geminite,CuAsH3O5,phosphate_arsenate_vanadate,120.0,14,0.11666666666666667
Genthelvite,Be3Zn4Si3SO12,silicate,32.0,10,0.3125
Georgbokiite,Cu5Se2(ClO4)2,oxide_hydroxide,48.0,8,0.16666666666666666
Georgechaoite,KNaZrSi3H4O11,silicate,249.0,11,0.04417670682730924
Georgerobinsonite,Cr2H2Pb4Cl1O10F1,chromate,63.0,7,0.1111111111111111
Gerhardtite,Cu2H3NO6,nitrate,141.0,5,0.03546099290780142
Germanite,Fe2Cu13Ge2S16,sulfide_selenide_telluride,46.0,6,0.13043478260869565
Gersdorffite,NiAsS,sulfide_selenide_telluride,14.0,3,0.21428571428571427
Gerstleyite,Na2Sb7.2As0.8S13O2,oxide_hydroxide,72.0,16,0.2222222222222222
Gerstmannite,Mg1.214Mn0.786Zn1Si1O6,silicate,54.0,21,0.3888888888888889
Getchellite,Sb2.05As1.95S6,sulfide_selenide_telluride,60.0,3,0.05
Gillardite,Fe0.004Co0.012Cu3.081Ni0.903H6Cl2O6,oxide_hydroxide,12.0,8,0.6666666666666666
Gillespite,BaFe(Si2O5)2,silicate,59.0,13,0.22033898305084745
Gillulyite,Tl1Sb0.11As3.89S6.5,sulfide_selenide_telluride,84.0,7,0.08333333333333333
Gilmarite,Cu3AsO7,phosphate_arsenate_vanadate,30.0,11,0.36666666666666664
Giniite,Fe5P4(H3O10)2,phosphate_arsenate_vanadate,105.0,15,0.14285714285714285
Glauberite,Na2Ca(SO4)2,sulfate,39.0,5,0.1282051282051282
Glauconite,KAl2(SiO3)4,silicate,27.0,8,0.2962962962962963
Glaucophane,Na1.96Ca0.04Mg2.39Al1.82Fe0.79Si8O24,silicate,57.0,18,0.3157894736842105
Goethite,FeHO2,oxide_hydroxide,24.0,11,0.4583333333333333
Goldfieldite,Cu10.998Sb1Te2.5As0.5Se0.72S11.98,sulfide_selenide_telluride,23.0,3,0.13043478260869565
Goldichite,KFe(SO6)2,sulfate,96.0,15,0.15625
Goldmanite,Ca2.91Mg0.09Al0.48V1.2Fe0.32Si3O12,silicate,25.0,14,0.56
Gonnardite,Na1.16Ca0.46Al2.15Si2.85O13.4,silicate,83.0,8,0.0963855421686747
Gorceixite,Ba0.882Al3P2H6O14,phosphate_arsenate_vanadate,19.0,14,0.7368421052631579
Gordaite,NaZn4H18SClO16,sulfate,82.0,8,0.0975609756097561
Gordonite,MgAl2P2(HO)18,phosphate_arsenate_vanadate,57.0,13,0.22807017543859648
Gorgeyite,K2Ca5S6O25,sulfate,114.0,12,0.10526315789473684
Gormanite,Mg1.5Al3.858Fe1.642P4O24,phosphate_arsenate_vanadate,48.0,12,0.25
Gotzenite,Na1.06Ca5.66Zr0.28Ti0.98Si4O14F4,silicate,42.0,15,0.35714285714285715
Gowerite,Ca(B2O5)3,borate,132.0,20,0.15151515151515152
Goyazite,Sr1Al3P2H7O14,phosphate_arsenate_vanadate,21.0,16,0.7619047619047619
Graftonite,Ca1Mn0.62Fe1.38P2O8,phosphate_arsenate_vanadate,78.0,9,0.11538461538461539
Grandidierite,Mg0.976Al3Fe0.024Si1B1O9,silicate,78.0,23,0.2948717948717949
Grandreefite,Pb2S(O2F)2,sulfate,27.0,9,0.3333333333333333
Gratonite,As4(Pb3S5)3,sulfide_selenide_telluride,43.0,5,0.11627906976744186
Greenlizardite,NaU2S2NO18,sulfate,72.0,7,0.09722222222222222
Greenockite,CdS,sulfide_selenide_telluride,4.0,16,4.0
Greifensteinite,Ca1Mg0.2Mn0.35Be2Al0.2Fe1.6P3H4O17,phosphate_arsenate_vanadate,87.0,12,0.13793103448275862
Grimselite,K3Na1U1C3O12,carbonate,52.0,4,0.07692307692307693
Griphite,Na1.02Li0.54Ca1.42Mg0.06Mn3.54Al2.05Fe1.08P5.82O24.4F1.6,phosphate_arsenate_vanadate,100.0,6,0.06
Grossular,Ca1.35Mn0.81Al2Fe0.84Si3O12,silicate,25.0,11,0.44
Groutite,MnO2,oxide_hydroxide,18.0,7,0.3888888888888889
Grunerite,Mg0.9Fe6.1Si8O23.5F0.5,silicate,57.0,14,0.24561403508771928
Guanacoite,Mg3.13Cu1.87As2H12O16,phosphate_arsenate_vanadate,102.0,12,0.11764705882352941
Guanajuatite,Bi2Se3,sulfide_selenide_telluride,30.0,7,0.23333333333333334
Gudmundite,FeSbS,sulfide_selenide_telluride,18.0,8,0.4444444444444444
Guilleminite,BaU3Se2O17,oxide_hydroxide,135.0,12,0.08888888888888889
Gunningite,ZnH2SO5,sulfate,24.0,9,0.375
Gunterite,Na1.56Ca0.44V5H22O25,phosphate_arsenate_vanadate,165.0,10,0.06060606060606061
Gustavite,Ag1Bi3Pb1S6,sulfide_selenide_telluride,30.0,5,0.16666666666666666
Guyanaite,CrHO2,oxide_hydroxide,21.0,8,0.38095238095238093
Gypsum,CaH4SO6,sulfate,36.0,6,0.16666666666666666
Gyrolite,Na1Ca16Al1Si23O82,silicate,183.0,13,0.07103825136612021
Gysinite-(Ce),La0.175Ce0.217Pr0.024Nd0.098Sm0.003Gd0.018H1.5Pb0.465C1O4,carbonate,54.0,8,0.14814814814814814
Gysinite-(La),Sr0.02Ca0.005La0.465Pr0.07Nd0.115Sm0.005Eu0.005Gd0.01Pb0.305C1O4,carbonate,36.0,9,0.25
Gysinite-(Nd),Nd1H1C1O4,carbonate,48.0,12,0.25
Hafnon,HfSiO4,silicate,12.0,7,0.5833333333333334
Hagendorfite,Na1.83Ca0.17Mn1Fe2P3O12,phosphate_arsenate_vanadate,57.0,13,0.22807017543859648
Hagstromite,Cu1Te2Pb8C1.17Cl3.83O15.51,carbonate,96.0,7,0.07291666666666667
Haiweeite,Ca0.5U1Si2.5O10.5,silicate,144.0,10,0.06944444444444445
Haleniusite-(La),La0.46Ce0.45Pr0.02Nd0.07O1.12F0.88,oxide_hydroxide,1.0,22,22.0
Halotrichite,Mg0.02Mn0.01Al1.98Fe0.99S4O38,sulfate,270.0,10,0.037037037037037035
Hambergite,Be2BHO4,borate,96.0,13,0.13541666666666666
Hancockite,Sr0.25Ca1.13Mn0.12Al2.02Fe0.98Si3Pb0.5O13,silicate,57.0,17,0.2982456140350877
Hanksite,KNa22C2S9ClO42,sulfate,111.0,5,0.04504504504504504
Hannebachite,Ca2H2S2O7,sulfate,78.0,9,0.11538461538461539
Hardystonite,Ca2ZnSi2O7,silicate,45.0,7,0.15555555555555556
Harmotome,Ba1Al2.08Si5.92O23,silicate,96.0,9,0.09375
Hashemite,Ba1Cr0.9S0.1O4,sulfate,36.0,5,0.1388888888888889
Hastingsite,Na3.96Ca2Mg0.55Al1.68Fe4.45Si6.32O24,silicate,63.0,9,0.14285714285714285
Hatchite,Tl1Ag1As2Pb1S5,sulfide_selenide_telluride,30.0,5,0.16666666666666666
Hauchecornite,Ni9Bi1.3Sb0.7S8,sulfide_selenide_telluride,16.0,4,0.25
Hauerite,MnS2,sulfide_selenide_telluride,5.0,8,1.6
Hausmannite,Mn3O4,oxide_hydroxide,10.0,4,0.4
Hauyne,K0.8Na2.16Ca3.6Al3Si3S0.76O21,silicate,79.0,6,0.0759493670886076
Hawleyite,CdS,sulfide_selenide_telluride,1.0,15,15.0
Haydeeite,MgCu3H6(ClO3)2,oxide_hydroxide,12.0,4,0.3333333333333333
Hazenite,KNaMg2P2(H14O11)2,phosphate_arsenate_vanadate,336.0,8,0.023809523809523808
Heazlewoodite,Ni3S2,sulfide_selenide_telluride,6.0,5,0.8333333333333334
Hedenbergite,Ca0.7Fe1.3Si2O6,silicate,30.0,11,0.36666666666666664
Heidornite,Na2Ca3B5H2S2ClO18,sulfate,96.0,15,0.15625
Heinrichite,BaU2(AsO11)2,phosphate_arsenate_vanadate,81.0,5,0.06172839506172839
Heklaite,KNaSiF6,halide,54.0,3,0.05555555555555555
Helvine,Mn4Be3Si3SO12,silicate,32.0,14,0.4375
Hematite,Fe2O3,oxide_hydroxide,7.0,11,1.5714285714285714
Hematophanite,Fe3Pb4ClO8,oxide_hydroxide,30.0,6,0.2
Hemihedrite,ZnCr6Si2Pb10(O16F)2,silicate,78.0,8,0.10256410256410256
Hemimorphite,Zn4Si2H2O9,silicate,54.0,11,0.2037037037037037
Henmilite,Ca2CuB2(HO)12,borate,42.0,15,0.35714285714285715
Hennomartinite,SrMn2Si2(H4O5)2,silicate,273.0,9,0.03296703296703297
Henritermierite,Ca3Mn1.934Al0.066Si2.044H3.8O11.992,silicate,96.0,13,0.13541666666666666
Hentschelite,Fe2Cu(PO5)2,phosphate_arsenate_vanadate,42.0,14,0.3333333333333333
Herbertsmithite,ZnCu3H6(ClO3)2,oxide_hydroxide,12.0,7,0.5833333333333334
Hercynite,Al2FeO4,oxide_hydroxide,5.0,8,1.6
Herderite,Ca1Be1P1O4.224F0.776,phosphate_arsenate_vanadate,48.0,18,0.375
Hetaerolite,Mn2ZnO4,oxide_hydroxide,10.0,10,1.0
Heterosite,Mn0.35Fe0.65P1O4,phosphate_arsenate_vanadate,36.0,16,0.4444444444444444
Heulandite-Ca,Ca1Al1.602Si4.398O16.002,silicate,222.0,9,0.04054054054054054
Heulandite-K,K4.2Al4.3Si13.7O45.64,silicate,132.0,10,0.07575757575757576
Heulandite-Na,Na3.6Al4.446Si13.554O48.96,silicate,111.0,9,0.08108108108108109
Heulandite-Sr,Sr2.116Al4.5Si13.5O48.88,silicate,222.0,10,0.04504504504504504
Hewettite,Ca0.5V3O11.5,phosphate_arsenate_vanadate,48.0,5,0.10416666666666667
Hexahydrite,MgH12SO10,sulfate,141.0,4,0.028368794326241134
Hexathioplumbite,Pb5S6O13,oxide_hydroxide,70.0,7,0.1
Hilairite,Na3.634Zr2Si6O24,silicate,52.0,11,0.21153846153846154
Hilgardite,Ca2B5H2ClO10,borate,117.0,23,0.19658119658119658
Hillebrandite,Ca1Si0.5O2.5,silicate,87.0,11,0.12643678160919541
Hillite,Ca2Mg0.377Zn0.623P2H4O10,phosphate_arsenate_vanadate,27.0,12,0.4444444444444444
Hingganite-(Y),Ca0.5Y1.5Be1.5Fe0.27Si2B0.5O10,silicate,48.0,17,0.3541666666666667
Hiortdahlite,Na1.38Ca4.74Y0.88Zr1Si4O15.5F2.5,silicate,90.0,14,0.15555555555555556
Hochleitnerite,K0.876Ti1.72Mn1.5Al0.2Fe1.58P4O31.124F2,phosphate_arsenate_vanadate,252.0,14,0.05555555555555555
Hodgkinsonite,MnZn2Si(HO3)2,silicate,72.0,16,0.2222222222222222
Hoelite,H4C7O,oxide_hydroxide,72.0,16,0.2222222222222222
Holdawayite,Mn11.16H14C4Cl1.69O26,carbonate,90.0,5,0.05555555555555555
Holdenite,Mg0.55Mn5.45Zn3Si1As2O20,silicate,192.0,11,0.057291666666666664
Holfertite,Ca0.75U5.31Ti3O32.46,oxide_hydroxide,142.0,15,0.1056338028169014
Hollandite,Ba0.34Mn3.24Al0.12Fe0.64Pb0.08O8,oxide_hydroxide,21.0,9,0.42857142857142855
Holmquistite,Na0.03Li1.98Mg1.8Mn0.02Al1.97Zn0.01Fe1.23Si7.99H1.97O23.97F0.03,silicate,252.0,16,0.06349206349206349
Holtedahlite,Mg12P5.76C0.24O29.76,phosphate_arsenate_vanadate,76.0,16,0.21052631578947367
Holtite,Ta0.27Al6.43Si2.25B1Sb0.75O17.25,silicate,192.0,9,0.046875
Holtstamite,Ca3Mn1.006Al0.994Si1.95H4O12,silicate,81.0,17,0.20987654320987653
Hopeite,Zn3(PO6)2,phosphate_arsenate_vanadate,102.0,10,0.09803921568627451
Hoperanchite,H8S2N2O3,oxide_hydroxide,87.0,8,0.09195402298850575
Hornesite,Mg2.484Ni0.516As2O16,phosphate_arsenate_vanadate,30.0,15,0.5
Howardevansite,Na2V6Fe4Cu2O24,phosphate_arsenate_vanadate,57.0,10,0.17543859649122806
Howlite,Ca2SiB5O14,silicate,132.0,28,0.21212121212121213
Hsianghualite,Li2Ca3Be3Si3(O6F)2,silicate,123.0,20,0.16260162601626016
Hubnerite,Mn0.97Fe0.03W1O4,oxide_hydroxide,18.0,7,0.3888888888888889
Hulsite,Mg0.56Fe1.315Sn0.1B1O5,borate,21.0,6,0.2857142857142857
Humberstonite,K3Na8MgS6(NO18)2,sulfate,52.0,8,0.15384615384615385
Humboldtine,FeH4(CO3)2,carbonate,39.0,21,0.5384615384615384
Humite,Mg6.601Fe0.399Si3O13F1,silicate,144.0,9,0.0625
Hummerite,KMgV5(H8O11)2,phosphate_arsenate_vanadate,135.0,12,0.08888888888888889
Huntite,CaMg3(CO3)4,carbonate,26.0,9,0.34615384615384615
Hureaulite,Mn5(PO5)4,phosphate_arsenate_vanadate,87.0,11,0.12643678160919541
Hurlbutite,CaBe2(PO4)2,phosphate_arsenate_vanadate,78.0,21,0.2692307692307692
Hutchinsonite,Tl1As5Pb1S9,sulfide_selenide_telluride,192.0,9,0.046875
Hydroboracite,CaMgB6H12O17,borate,108.0,26,0.24074074074074073
Hydrocerussite,Pb3(CO4)2,carbonate,61.0,3,0.04918032786885246
Hydrokenoelsmoreite,W2O7,oxide_hydroxide,6.0,8,1.3333333333333333
Hydrokenoralstonite,Na0.35Mg0.376Al1.624O2.993F3.882,oxide_hydroxide,6.0,11,1.8333333333333333
Hydromagnesite,Mg5H10(C2O9)2,carbonate,108.0,5,0.046296296296296294
Hydronium jarosite,Fe3H6.92S2O14,sulfate,19.0,11,0.5789473684210527
Hydropascoite,Ca3V10(H12O13)4,phosphate_arsenate_vanadate,339.0,9,0.02654867256637168
Hydropyrochlore,K0.8Sr0.05Ca0.01Ti0.1Nb0.9O8.64,oxide_hydroxide,23.0,13,0.5652173913043478
Hydroredmondite,ZnPb8(S4O11)2,oxide_hydroxide,114.0,12,0.10526315789473684
Hydroromarchite,Sn3O4,oxide_hydroxide,50.0,4,0.08
Hydrotalcite,Mg0.66667Al0.33333H2C0.16666O2.99996,carbonate,11.0,11,1.0
Hydroxyapophyllite-(K),KCa4Si8H16O29,silicate,105.0,21,0.2
Hydroxykenomicrolite,Cs0.31Na0.3096Ta1.88Nb0.12Bi0.0096Sb0.57Pb0.0204O6.1896F0.4998,oxide_hydroxide,16.0,14,0.875
Hydroxylapatite,Ca5P3H1O13,phosphate_arsenate_vanadate,38.0,5,0.13157894736842105
Hydroxyl-bastnasite-(Ce),La0.23Ce0.5Nd0.24Y0.03C1O3.65F0.35,carbonate,167.0,12,0.0718562874251497
Hydroxylbenyacarite,K0.46Ca0.06Mg0.02Ti1.77Mn1.52Al0.02Fe1.56P4O32.72F0.16,phosphate_arsenate_vanadate,264.0,14,0.05303030303030303
Hydroxylclinohumite,Mg8.42Fe0.58Si4O18,silicate,90.0,16,0.17777777777777778
Hydroxylellestadite,Ca5Si1.26P0.66S1.08Cl0.07O12.82F0.09,silicate,35.0,10,0.2857142857142857
Hydroxyl-herderite,CaBePO5,phosphate_arsenate_vanadate,48.0,20,0.4166666666666667
Hydrozincite,Zn5(CO6)2,carbonate,27.0,6,0.2222222222222222
Ilesite,MnH8SO8,sulfate,108.0,9,0.08333333333333333
Ilmenite,Ti0.6Fe1.4O3,oxide_hydroxide,10.0,5,0.5
Imandrite,Na6Ca1.5Fe1Si6O18,silicate,90.0,9,0.1
Inderborite,CaMgB6(HO)22,borate,153.0,19,0.12418300653594772
Inderite,MgB3H15O13,borate,192.0,21,0.109375
Indialite,Cs0.281Mg2Al4.281Si4.719O18,silicate,37.0,19,0.5135135135135135
Inesite,Ca2Mn7Si10H11.912O34.956,silicate,102.0,16,0.1568627450980392
Inyoite,Ca(BO4)3,borate,96.0,12,0.125
Iodargyrite,AgI,halide,4.0,3,0.75
Iowaite,Mg0.8Fe0.2Cl0.2O2.6,oxide_hydroxide,2.0,7,3.5
Iranite,Cr6CuSi2(Pb5O17)2,silicate,78.0,8,0.10256410256410256
Iriginite,U(MoO6)2,oxide_hydroxide,90.0,12,0.13333333333333333
Isocubanite,Fe0.667Cu0.333S1,sulfide_selenide_telluride,2.0,6,3.0
Isokite,Ca1Mg1P1O4.2F0.8,phosphate_arsenate_vanadate,21.0,7,0.3333333333333333
Itsiite,Ba2CaSi4(BO7)2,silicate,85.0,23,0.27058823529411763
Ixiolite-(Mn2+),Ta0.42Ti0.02Mn0.3Nb0.24Fe0.002Sn0.005O2,oxide_hydroxide,18.0,5,0.2777777777777778
Jacobsite,Mg0.7364Mn0.2842Al0.0488Zn0.0173Fe1.9114O4,oxide_hydroxide,5.0,6,1.2
Jadeite,NaAl(SiO3)2,silicate,30.0,16,0.5333333333333333
Jagoite,Fe4.5Si12.5Pb11Cl3O41,silicate,179.0,21,0.11731843575418995
Jagowerite,BaAl2(PO5)2,phosphate_arsenate_vanadate,21.0,19,0.9047619047619048
Jahnsite-(CaMnMg),CaMg2MnFe2(P2O13)2,phosphate_arsenate_vanadate,99.0,12,0.12121212121212122
Jamborite,NiO2,oxide_hydroxide,2.0,7,3.5
Jamesite,Zn2.2Fe4.8As4Pb4O26,phosphate_arsenate_vanadate,57.0,10,0.17543859649122806
Jamesonite,FeSb6(Pb2S7)2,sulfide_selenide_telluride,72.0,3,0.041666666666666664
Janhaugite,Na2.31Ca0.69Zr0.6Ti1.4Mn3Si4O16F2,silicate,180.0,16,0.08888888888888889
Jarlite,Na1.99Sr6.01Mg1Al6O2F32,oxide_hydroxide,69.0,10,0.14492753623188406
Jarosite,K0.51Fe3H6.49S2O14,sulfate,19.0,11,0.5789473684210527
Jasmundite,Ca11Si4SO18,silicate,63.0,11,0.1746031746031746
Jasonsmithite,Mn3.13Al1Zn1Fe0.87P4H19O27.5,phosphate_arsenate_vanadate,348.0,12,0.034482758620689655
Jeanbandyite,FeSnO6,oxide_hydroxide,15.0,11,0.7333333333333333
Jensenite,Cu3TeO8,oxide_hydroxide,72.0,14,0.19444444444444445
Jeremejevite,Al6B5(O5F)3,borate,45.0,17,0.37777777777777777
Jerrygibbsite,Mn9(Si2O9)2,silicate,369.0,10,0.02710027100271003
Jimkrieghite,CaH6(C2O3)2,oxide_hydroxide,204.0,17,0.08333333333333333
Jinshajiangite,K1.44Ba2.32Na2.68Ca1.6Mg0.4Zr0.16Ti8Mn2.52Fe12.64Si16O73.28F2.72,silicate,183.0,11,0.060109289617486336
Joaquinite-(Ce),Ba2Na0.96Ce2Ti2Fe1.04Si8O28,silicate,129.0,20,0.15503875968992248
Joesmithite,K0.072Na0.1Ca1.9Mg2.551Be1.694Fe2.449Si6.306Pb0.928O24,silicate,120.0,20,0.16666666666666666
Johachidolite,CaAlB3O7,borate,30.0,14,0.4666666666666667
Johannite,U2Cu(SO11)2,sulfate,39.0,5,0.1282051282051282
Johannsenite,CaMn(SiO3)2,silicate,30.0,11,0.36666666666666664
Johnbaumite,Ca5As1.9719P1.0281O13,phosphate_arsenate_vanadate,35.0,9,0.2571428571428571
Johninnesite,Na2Mg5Mn11Si12(AsO25)2,silicate,120.0,19,0.15833333333333333
Jokokuite,MnH10SO9,sulfate,60.0,9,0.15
Jonesite,K1.6Ba4Na0.4Ti4Al2Si10O41.02,silicate,246.0,21,0.08536585365853659
Jorgensenite,Ba1.2Na2Sr5.8Al6O2F32,oxide_hydroxide,69.0,11,0.15942028985507245
Jouravskite,Ca3MnCSO25,carbonate,91.0,10,0.10989010989010989
Juangodoyite,Na2Cu(CO3)2,carbonate,30.0,11,0.36666666666666664
Julgoldite-(Fe3+),Ca2Al0.312Fe2.688Si3O14,silicate,63.0,13,0.20634920634920634
Junitoite,CaZn2(SiO4)2,silicate,75.0,13,0.17333333333333334
Kaersutite,K0.1991Na0.8888Ca1.6752Mg4.13Ti0.43Al2.512Si6.168H1.356Cl0.008O23.978F0.014,silicate,69.0,10,0.14492753623188406
Kainite,K4Mg4S4Cl4O27,sulfate,123.0,13,0.10569105691056911
Kainosite-(Y),Ca2Y2Si4CO16,silicate,150.0,21,0.14
Kaliborite,KMg2B12H19O30,borate,192.0,20,0.10416666666666667
Kalicinite,KCO3,carbonate,30.0,6,0.2
Kalsilite,KAlSiO4,silicate,19.0,7,0.3684210526315789
Kamchatkite,KCu3S2ClO9,sulfate,189.0,17,0.08994708994708994
Kamphaugite-(Y),CaY(CO4)2,carbonate,179.0,16,0.0893854748603352
Kanoite,Mg1.04Mn0.96Si2O6,silicate,60.0,10,0.16666666666666666
Kapellasite,Zn1Cu3Cl2.18O5.82,oxide_hydroxide,7.0,8,1.1428571428571428
Kapustinite,Na1.76333333Nd0.03333333Zr0.30333333Ti0.01666667Mn0.08Si2O6,silicate,39.0,7,0.1794871794871795
Karlseifertite,Al0.12Ga1.62Fe0.57Ge0.69As1.52H6Pb0.99W0.18S0.3O14,sulfate,19.0,9,0.47368421052631576
Kasolite,USiPbO6,silicate,54.0,5,0.09259259259259259
Katayamalite,K0.89Na0.11Li3Ca7Ti1.95Fe0.05Si12O37.76F0.24,silicate,186.0,15,0.08064516129032258
Katoptrite,Mn13Al4Si2(SbO14)2,silicate,72.0,13,0.18055555555555555
Kazanskyite,K0.21Ba0.7Na2.55Sr0.28Ca0.14Ti2.09Mn0.57Nb0.63Al0.02Fe0.03Si4O21.42F0.6,silicate,117.0,16,0.13675213675213677
Keiviite-(Yb),Yb2Si2O7,silicate,15.0,15,1.0
Kenoargentotetrahedrite-(Fe),Zn0.6Fe1.2Cu4.2Ag6Sb4S12.01,sulfide_selenide_telluride,23.0,4,0.17391304347826086
Kenoargentotetrahedrite-(Zn),Zn1.26Fe0.84Cu6.12Ag3.78Sb3.72As0.28S12.37,sulfide_selenide_telluride,23.0,32,1.391304347826087
Kenorozhdestvenskayaite-(Fe),Zn0.6Fe1.44Cu1.32Ag8.64Sb4S12.14,sulfide_selenide_telluride,23.0,3,0.13043478260869565
Kentbrooksite,K0.099Na16.002Sr0.45Ca2.1La0.342Ce0.579Nd0.228Hf0.051Zr3.3Ti0.099Mn3.6Nb0.4Fe0.15Si25.6Cl0.3O77.11F0.5,silicate,322.0,16,0.049689440993788817
Kentrolite,Mn1.68Fe0.32Si2Pb2O9,silicate,96.0,13,0.13541666666666666
Kermesite,Si2Sb2O,silicate,30.0,9,0.3
Kernite,Na2B4O11,borate,102.0,18,0.17647058823529413
Kesterite,Zn0.71Cd0.01Fe0.28Cu2Sn1S4,sulfide_selenide_telluride,15.0,7,0.4666666666666667
Kettnerite,CaBiCO4F,carbonate,24.0,9,0.375
Keyite,Zn2Cd1Cu1.5As3O14,phosphate_arsenate_vanadate,63.0,12,0.19047619047619047
Keystoneite,Mg0.79Mn0.1Fe0.47Ni1.25Te3O12.81,oxide_hydroxide,61.0,11,0.18032786885245902
Khaidarkanite,Al0.745Cu1H4.5O4F0.73,oxide_hydroxide,36.0,7,0.19444444444444445
Khanneshite,Ba1.08Na2.58Sr0.63Ca0.87La0.18Ce0.48Pr0.03Nd0.15C5O15,carbonate,67.0,11,0.16417910447761194
Khinite,Cu3TePbO8,oxide_hydroxide,76.0,10,0.13157894736842105
Kidwellite,Na1Fe9Cu0.356As0.476P5.524O38,phosphate_arsenate_vanadate,171.0,13,0.07602339181286549
Kimzeyite,Ca2.94Mg0.38Zr1.21Ti0.47Al0.999Fe0.492Si1.509O12,silicate,25.0,11,0.44
Kingite,Al3P2(O8F)2,phosphate_arsenate_vanadate,69.0,15,0.21739130434782608
Kinoite,Ca2Cu2Si3(HO3)4,silicate,69.0,23,0.3333333333333333
Kinoshitalite,K0.06Ba0.94Mg2.744Mn0.256Al2Si2H2O12,silicate,30.0,9,0.3
Kipushite,Zn2.08Cu2.92P2O15,phosphate_arsenate_vanadate,138.0,15,0.10869565217391304
Kirschsteinite,Ca1Mg0.22Fe0.77Si1O4,silicate,36.0,8,0.2222222222222222
Klebelsbergite,Sb4H2SO10,sulfate,201.0,16,0.07960199004975124
Kleinite,Hg4S1N2Cl1O1,oxide_hydroxide,22.0,6,0.2727272727272727
Klockmannite,CuSe,sulfide_selenide_telluride,8.0,6,0.75
Klyuchevskite,K3Al0.18Fe0.82Cu3S4O18,sulfate,171.0,6,0.03508771929824561
Kobyashevite,Cu5(SO9)2,sulfate,33.0,11,0.3333333333333333
Koenenite,Na0.667Ca0.222Mg0.111Cl2,halide,2.0,12,6.0
Kolbeckite,Sc0.94Al0.01V0.03Fe0.02P1H4O6,phosphate_arsenate_vanadate,72.0,15,0.20833333333333334
Kombatite,V2Pb14Cl4O17,phosphate_arsenate_vanadate,111.0,10,0.09009009009009009
Konzettite,CaMnTeO6,oxide_hydroxide,11.0,8,0.7272727272727273
Koritnigite,ZnAsO5,phosphate_arsenate_vanadate,84.0,12,0.14285714285714285
Kornerupine,Mg3.374Al6.088Fe0.38Si4.104B0.428O22,silicate,108.0,18,0.16666666666666666
Korobitsynite,Na1.09Ti0.7Nb0.3Si2H4O8.85,silicate,114.0,13,0.11403508771929824
Kosmochlor,Na0.945Ca0.055Mg0.056Ti0.003Mn0.001Al0.033V0.428Cr0.478Fe0.001Si2O6,silicate,30.0,16,0.5333333333333333
Kosnarite,KZr2(PO4)3,phosphate_arsenate_vanadate,25.0,10,0.4
Kottigite,Zn3As2(HO)16,phosphate_arsenate_vanadate,54.0,9,0.16666666666666666
Kovdorskite,Mg2PO8,phosphate_arsenate_vanadate,66.0,15,0.22727272727272727
Kozoite-(Nd),Ca0.02La0.305Ce0.005Pr0.09Nd0.425Sm0.07Eu0.025Gd0.04Dy0.005Y0.015C1O4,carbonate,36.0,8,0.2222222222222222
Kraisslite,Mg1.66Mn23.39Al0.16Zn2.81Fe0.84Si7.22As4.92H16O62,silicate,711.0,15,0.02109704641350211
Krausite,KFeS2O9,sulfate,39.0,12,0.3076923076923077
Krauskopfite,BaSi2(H3O4)2,silicate,102.0,6,0.058823529411764705
Krautite,MnAsO5,phosphate_arsenate_vanadate,165.0,10,0.06060606060606061
Krennerite,Ag0.2Te2Au0.8,sulfide_selenide_telluride,69.0,4,0.057971014492753624
Kristiansenite,Ca2Sc0.76Fe0.205Si4Sn1.035O14,silicate,129.0,18,0.13953488372093023
Krohnkite,Na2CuH4(SO5)2,sulfate,54.0,9,0.16666666666666666
Krutaite,CuSe2,sulfide_selenide_telluride,5.0,4,0.8
Kryzhanovskite,Fe3P2O11,phosphate_arsenate_vanadate,90.0,18,0.2
Ktenasite,Zn2.6Cu2.4H18S2O20,sulfate,132.0,7,0.05303030303030303
Kukharenkoite-(Ce),Ba2CeC3O9F,carbonate,48.0,18,0.375
Kuksite,Zn3Te1As0.404P1.594Pb3O14,phosphate_arsenate_vanadate,32.0,11,0.34375
Kulanite,Ba1Mg0.62Mn0.08Al1.88Fe1.3P3H3O15,phosphate_arsenate_vanadate,81.0,12,0.14814814814814814
Kupletskite,K1.742Na0.903Ca0.059Ti1.8Mn6.266Nb0.2Si8O30F0.5,silicate,75.0,12,0.16
Kurchatovite,CaMgB2O5,borate,324.0,21,0.06481481481481481
Kurnakovite,MgB3H15O13,borate,96.0,19,0.19791666666666666
Kushiroite,Ca1Al2Si1O6,silicate,30.0,14,0.4666666666666667
Kutnohorite,Ca0.5Mn0.5C1O3,carbonate,5.0,4,0.8
Kuzmenkoite-Mn,K1.63Ba0.03Na0.18Ti3.4Mn0.56Nb0.34Fe0.4Si8O32.25,silicate,171.0,10,0.05847953216374269
Kyanite,Al2SiO5,silicate,48.0,19,0.3958333333333333
Laachite,Ca0.6La0.1Ce0.3Nd0.1Y0.2Th0.28Zr1.56Ti1.3Mn1.18Nb1.54Al0.16Fe0.68O14,oxide_hydroxide,66.0,11,0.16666666666666666
Labuntsovite-Mn,K3.4Na2Ti3.2Mn0.2Nb0.8Si8H8O32.4,silicate,87.0,15,0.1724137931034483
Laihunite,Fe4.74Si3O12,silicate,114.0,11,0.09649122807017543
Lammerite,Cu3(AsO4)2,phosphate_arsenate_vanadate,36.0,9,0.25
Lamprophyllite,Na3Sr2Ti3(Si2O9)2,silicate,42.0,9,0.21428571428571427
Lanarkite,Pb2SO5,sulfate,24.0,9,0.375
Langbanite,Mn13Si2SbO24,silicate,188.0,10,0.05319148936170213
Langbeinite,K2Mg2(SO4)3,sulfate,94.0,5,0.05319148936170213
Langite,Cu4H10SO12,sulfate,159.0,8,0.050314465408805034
Lanthanite-(Nd),La0.61Pr0.17Nd0.95Sm0.12Eu0.03Gd0.08Y0.04C3O17,carbonate,132.0,4,0.030303030303030304
Larderellite,B5H4O10Nh,borate,120.0,15,0.125
Larisaite,K0.15Na1.2U6Se4O38,oxide_hydroxide,150.0,12,0.08
Lasalite,NaMgV5(H5O6)4,phosphate_arsenate_vanadate,306.0,11,0.03594771241830065
Laueite,MnFe2(PO9)2,phosphate_arsenate_vanadate,30.0,10,0.3333333333333333
Laumontite,Ca1Al2Si4O15.126,silicate,78.0,17,0.21794871794871795
Laurelite,Pb3.5Cl1F6,halide,43.0,4,0.09302325581395349
Laurionite,HPbClO,oxide_hydroxide,24.0,7,0.2916666666666667
Laurite,RuS2,sulfide_selenide_telluride,5.0,6,1.2
Lausenite,Fe2S3O17,sulfate,63.0,9,0.14285714285714285
Lavendulan,NaCaCu5As4ClO21,phosphate_arsenate_vanadate,198.0,11,0.05555555555555555
Lavenite,Na1.5Ca0.74Mg0.01Zr0.91Ti0.16Mn0.32Nb0.14Fe0.22Si2O8F1,silicate,90.0,15,0.16666666666666666
Lavinskyite,K1Li1Mg0.45Cu6.55Si8H4O26,silicate,294.0,16,0.05442176870748299
Lawsonite,CaAl2Si2(H4O5)2,silicate,63.0,11,0.1746031746031746
Lazaraskeite,CuH6(C2O3)2,oxide_hydroxide,48.0,14,0.2916666666666667
Lazulite,MgAl2(PO5)2,phosphate_arsenate_vanadate,42.0,17,0.40476190476190477
Leadhillite,Pb4C2SO12,carbonate,228.0,8,0.03508771929824561
Lecoqite-(Y),Na3YH12(CO5)3,carbonate,100.0,5,0.05
Legrandite,Zn2AsO6,phosphate_arsenate_vanadate,108.0,10,0.09259259259259259
Leifite,K0.46Na6.2Be2Al2.6598Si15.3402O39F2,silicate,50.0,10,0.2
Leightonite,K1Ca1Cu0.5H2S2O9,sulfate,51.0,4,0.0784313725490196
Leiteite,Zn(AsO2)2,oxide_hydroxide,42.0,7,0.16666666666666666
Lemmleinite-Ba,K1.708Ba0.906Na2.196Ti4Mn0.493Si8O32.986,silicate,90.0,16,0.17777777777777778
Lemoynite,K1Na1Ca0.83Mg0.04Zr1.86Ti0.06Nb0.08Zn0.02Fe0.08Cu0.01Si10O32,silicate,144.0,18,0.125
Leningradite,V2Cu3Pb(ClO4)2,phosphate_arsenate_vanadate,45.0,8,0.17777777777777778
Lepidocrocite,FeO2,oxide_hydroxide,9.0,7,0.7777777777777778
Leucite,K1Al0.96Si2.04O6,silicate,90.0,5,0.05555555555555555
Leucophanite,NaCaBeSi2O6F,silicate,141.0,19,0.1347517730496454
Leucophoenicite,Mn7Si3O14,silicate,72.0,8,0.1111111111111111
Leucophosphite,KFe2P2O11,phosphate_arsenate_vanadate,96.0,17,0.17708333333333334
Leucosphenite,Ba1Na4Ti2Si10B2O30,silicate,72.0,18,0.25
Levyne-Ca,K0.0715Na0.2255Ca0.91966667Al2.1Si3.9O17.08,silicate,69.0,7,0.10144927536231885
Libbyite,K0.24Na2U4S6N1.76O41,sulfate,418.0,6,0.014354066985645933
Libethenite,Cu2PHO5,phosphate_arsenate_vanadate,54.0,14,0.25925925925925924
Liebenbergite,Mg0.97Si1Ni1.03O4,silicate,36.0,7,0.19444444444444445
Liebigite,Ca2UC3O22,carbonate,333.0,5,0.015015015015015015
Likasite,Cu3NO10,nitrate,78.0,9,0.11538461538461539
Lileyite,K0.3Ba1.5Na1.9Sr0.2Ca0.4Mg0.8Ti2Mn0.2Nb0.1Fe0.6Si4O16.4F1.6,silicate,42.0,25,0.5952380952380952
Linarite,CuH2PbSO6,sulfate,30.0,9,0.3
Lindgrenite,Cu3(MoO5)2,oxide_hydroxide,42.0,9,0.21428571428571427
Linekite,K7.11Ca12U8C24O112,carbonate,540.0,8,0.014814814814814815
Liottite,K33Ca6Al18Si18Os20S5.00199Cl3.5O72F0.501,silicate,337.0,8,0.02373887240356083
Lipuite,K1Na8Mg0.5Mn4.93Fe0.07Si12P1H14O46,silicate,270.0,12,0.044444444444444446
Liroconite,AlCu2AsO12,phosphate_arsenate_vanadate,45.0,12,0.26666666666666666
Liskeardite,Al14.582Fe1.418As9O94.12,phosphate_arsenate_vanadate,366.0,10,0.0273224043715847
Lithiomarsturite,LiCa2Mn2Si5HO15,silicate,78.0,11,0.14102564102564102
Lithiophilite,Li1Mn0.933Fe0.062P1O4,phosphate_arsenate_vanadate,36.0,5,0.1388888888888889
Lithiophosphate,Li3PO4,phosphate_arsenate_vanadate,45.0,7,0.15555555555555556
Lithiotantite,Na0.01Li0.96Ta2.18Mn0.03Nb0.82O8,oxide_hydroxide,72.0,15,0.20833333333333334
Litidionite,KNaCu(Si2O5)2,silicate,51.0,14,0.27450980392156865
Liudongshengite,Mg0.028Zn0.542Cr0.43H2C0.216O3.146,carbonate,11.0,7,0.6363636363636364
Livingstonite,Hg(SbS2)4,sulfide_selenide_telluride,75.0,8,0.10666666666666667
Lizardite,Mg3Si2H4O9,silicate,28.0,8,0.2857142857142857
Lobanovite,K1.96Ba0.01Na1.65Ca0.14Mg2.05Ti1.97Mn0.75Nb0.03Fe3.2Si8H4O30F0.17,silicate,78.0,13,0.16666666666666666
Lollingite,FeAs2,other,6.0,5,0.8333333333333334
Lomonosovite,Na5Ti2Si2PO13,silicate,69.0,18,0.2608695652173913
Lopezite,K2Cr2O7,chromate,66.0,20,0.30303030303030304
Lorandite,TlAsS2,sulfide_selenide_telluride,48.0,7,0.14583333333333334
Lorenzenite,Na2Ti2Si2O9,silicate,90.0,18,0.2
Lotharmeyerite,Ca1Mn0.976Zn1.024As2H3O10,phosphate_arsenate_vanadate,24.0,13,0.5416666666666666
Lovozerite,K0.09Na2.39Ca0.35Hf0.03Zr0.8Ti0.03Mn0.08Fe0.14Si6O18.9,silicate,62.0,10,0.16129032258064516
Ludjibaite,Cu5(PO6)2,phosphate_arsenate_vanadate,24.0,16,0.6666666666666666
Ludlamite,Fe3(PO6)2,phosphate_arsenate_vanadate,48.0,14,0.2916666666666667
Ludlockite,Fe4As10PbO22,oxide_hydroxide,111.0,12,0.10810810810810811
Ludwigite,Mg3.413Al0.16Fe2.427B2O10,borate,48.0,7,0.14583333333333334
Lueshite,NaNbO3,oxide_hydroxide,13.0,14,1.0769230769230769
Luetheite,Al0.635Fe0.365Cu1As1O6,phosphate_arsenate_vanadate,105.0,16,0.1523809523809524
Lulzacite,Ba0.08Sr1.92Mg0.74Al4V0.08Fe2.26P3.92H4O26,phosphate_arsenate_vanadate,60.0,17,0.2833333333333333
Lussierite,Na10US6O29,sulfate,273.0,10,0.03663003663003663
Luzonite,Cu3Sb0.315As0.685S4,sulfide_selenide_telluride,14.0,5,0.35714285714285715
Macdonaldite,Ba1Ca4Si16O48.4,silicate,207.0,19,0.09178743961352658
Macfallite,Ca2Mn2.61Al0.39Si3O14,silicate,57.0,16,0.2807017543859649
Mackayite,Fe(TeO3)2,oxide_hydroxide,66.0,15,0.22727272727272727
Mackinawite,FeS,sulfide_selenide_telluride,4.0,11,2.75
Maghemite,Fe2.66666O4,oxide_hydroxide,5.0,8,1.6
Magnesioalterite,Mg0.74Mn0.08Zn0.6Fe4.58H38C4S4O45,carbonate,291.0,20,0.06872852233676977
Magnesiocarpholite,Mg0.796Al2Fe0.204Si2O10,silicate,90.0,23,0.25555555555555554
Magnesiochromite,Mg0.59Ti0.004Mn0.003Al0.393V0.004Cr1.582Fe0.34Si0.002Ni0.004O4,silicate,5.0,10,2.0
Magnesiocopiapite,MgFe4H42(S3O23)2,sulfate,147.0,12,0.08163265306122448
Magnesiocoulsonite,MgV2O4,oxide_hydroxide,5.0,7,1.4
Magnesioferrite,Mg1Fe2O4,oxide_hydroxide,5.0,7,1.4
Magnesiofluckite,Na0.01Ca0.99Mg1As2H6O10,phosphate_arsenate_vanadate,60.0,14,0.23333333333333334
Magnesio-fluoro-hastingsite,K0.21Na0.51Ca2.19Mg4.03Ti0.13Al2.19Fe0.71Si5.94O22F2,silicate,63.0,17,0.2698412698412698
Magnesiotaaffeite-6N3S,Mg1.63Be1Al6Fe0.37O12,oxide_hydroxide,34.0,16,0.47058823529411764
Magnesite,MgCO3,carbonate,5.0,4,0.8
Magnetite,Fe3O4,oxide_hydroxide,5.0,5,1.0
Magnussonite,Mg0.37Mn5.922Cu0.34As4Cl0.534O12.134,phosphate_arsenate_vanadate,126.0,11,0.0873015873015873
Makatite,NaSi2O7,silicate,114.0,14,0.12280701754385964
Malachite,Cu2H2CO5,carbonate,60.0,14,0.23333333333333334
Malayaite,Ca1Ti0.05Si1Sn0.95O5,silicate,21.0,9,0.42857142857142855
Malhmoodite,Hf0.05Zr0.95Fe1P2H8O12,phosphate_arsenate_vanadate,69.0,10,0.14492753623188406
Mammothite,AlCu4SbOs8Pb6S2(Cl2O9)2,sulfate,60.0,16,0.26666666666666666
Manaksite,KNaMn(Si2O5)2,silicate,51.0,13,0.2549019607843137
Manandonite,Li0.955Al2.45Si1.015B0.56H4O9,silicate,105.0,14,0.13333333333333333
Manganbabingtonite,Ca2Mg0.03Mn0.74Al0.03Fe1.2Si5H1O15,silicate,75.0,28,0.37333333333333335
Manganilvaite,Ca0.903Mn0.6Fe2.497Si2H1O9,silicate,96.0,11,0.11458333333333333
Manganite,MnO2,oxide_hydroxide,18.0,8,0.4444444444444444
Mangano-ferri-eckermannite,K0.208Na2.344Ca0.18Mg2.305Mn2.915Si8O24,silicate,72.0,12,0.16666666666666666
Manganogrunerite,Ca0.1Mg1.25Mn1.901Fe3.937Si7.812H2O24,silicate,60.0,11,0.18333333333333332
Manganoneptunite,KNa2LiTi2Fe2(SiO3)8,silicate,237.0,14,0.05907172995780591
Manganoquadratite,MnAgAsS3,sulfide_selenide_telluride,88.0,4,0.045454545454545456
Manganvesuvianite,Ca9.5Mn1.35Al5.15Si9O39,silicate,281.0,18,0.06405693950177936
Manitobaite,Na15.13Ca2.44Mg0.44Mn12.2Al6.56Fe12P30O120,phosphate_arsenate_vanadate,1197.0,15,0.012531328320802004
Mannardite,Ba1.034Ti5.968V1.016Cr1.016O16.966,chromate,66.0,6,0.09090909090909091
Mansfieldite,AlAs(H2O3)2,phosphate_arsenate_vanadate,144.0,11,0.0763888888888889
Mapimite,Zn2Fe3As3O26,phosphate_arsenate_vanadate,99.0,7,0.0707070707070707
Marcasite,FeS2,sulfide_selenide_telluride,6.0,7,1.1666666666666667
Marecottite,Mg2.16U8Mn0.84S4O68,sulfate,120.0,9,0.075
Margaritasite,CsUVO6,phosphate_arsenate_vanadate,54.0,13,0.24074074074074073
Margarite,Ca1Al4Si2O12,silicate,111.0,24,0.21621621621621623
Margarosanite,Ca2Si3PbO9,silicate,45.0,18,0.4
Marialite,Na4Al3Si9Cl0.98O24,silicate,47.0,19,0.40425531914893614
Maricite,Na1Ca0.01Mg0.03Mn0.06Fe0.9P1O4,phosphate_arsenate_vanadate,36.0,8,0.2222222222222222
Maricopaite,Al5.808Si18.192Pb3.746O59.5,silicate,312.0,11,0.035256410256410256
Marinellite,K5.37Na15.5Ca2.91Al18Si18S4Cl0.99O90.98,silicate,544.0,8,0.014705882352941176
Markascherite,Cu3Mo(HO2)4,oxide_hydroxide,42.0,5,0.11904761904761904
Markeyite,Ca9U4C12.7O74.85,carbonate,324.0,6,0.018518518518518517
Marokite,CaMn2O4,oxide_hydroxide,42.0,15,0.35714285714285715
Marshite,CuI,halide,1.0,3,3.0
Marsturite,Na0.938Li0.062Ca0.912Mg0.07Mn2.908Fe0.11Si5H1O15,silicate,78.0,15,0.19230769230769232
Marthozite,U3Cu(SeO11)2,oxide_hydroxide,333.0,10,0.03003003003003003
Mascagnite,H8S(NO2)2,sulfate,90.0,6,0.06666666666666667
Masutomilite,K0.92Rb0.02Na0.05Li1.06Mg0.03Ti0.02Mn0.52Al1.79Fe0.46Si3.12O10.12F1.88,silicate,57.0,16,0.2807017543859649
Matlockite,PbClF,halide,6.0,3,0.5
Mattheddleite,Si1.5Pb5S1.5Cl0.57O12.43,silicate,36.0,11,0.3055555555555556
Matthiasweilite,TePbO3,oxide_hydroxide,75.0,10,0.13333333333333333
Mauriziodiniite,K0.03As4I0.953N0.97Cl0.047O6,nitrate,7.0,4,0.5714285714285714
Mawbyite,Fe2As2H2PbO10,phosphate_arsenate_vanadate,21.0,11,0.5238095238095238
Mcguinnessite,Mg1.06Cu0.94C1O5,carbonate,48.0,11,0.22916666666666666
Medaite,Ca0.15Mn5.85V0.595Si5.23As0.175H1O19,silicate,192.0,13,0.06770833333333333
Meionite,Na0.824Ca4.01Al4.68Si7.32S0.146O27.084,silicate,61.0,13,0.21311475409836064
Meitnerite,UH9SNO9,sulfate,63.0,10,0.15873015873015872
Melanophlogite,Mg3Si23CO46,silicate,543.0,11,0.020257826887661142
Melanotekite,Fe2Si2Pb2O9,silicate,96.0,12,0.125
Melanovanadite,Ca1.02V4O15,phosphate_arsenate_vanadate,63.0,10,0.15873015873015872
Meliphanite,Na4Ca4Be4AlSi7(O6F)4,silicate,105.0,18,0.17142857142857143
Mellite,AlH16(C3O7)2,oxide_hydroxide,275.0,14,0.05090909090909091
Mendipite,Pb3(ClO)2,oxide_hydroxide,42.0,4,0.09523809523809523
Mendozite,NaAlS2O19,sulfate,63.0,7,0.1111111111111111
Meneghinite,Cu0.25Sb1.75Pb3.25S6,sulfide_selenide_telluride,72.0,5,0.06944444444444445
Mercallite,KSO4,sulfate,144.0,10,0.06944444444444445
Merlinoite,K1.12Ba0.13Na0.13Ca0.47Al2.32Si5.68O20.86,silicate,129.0,7,0.05426356589147287
Merrillite,Na0.23Ca9Mg0.8Fe0.2P6.24O28,phosphate_arsenate_vanadate,136.0,11,0.08088235294117647
Merwinite,Ca3Mg(SiO4)2,silicate,84.0,12,0.14285714285714285
Mesolite,Na2Ca2Al6Si9(H8O19)2,silicate,435.0,12,0.027586206896551724
Meta-autunite,Ca0.5U1P1O9,phosphate_arsenate_vanadate,26.0,5,0.19230769230769232
Metaborite,BHO2,borate,71.0,17,0.23943661971830985
Metamunirite,NaVO3,phosphate_arsenate_vanadate,30.0,9,0.3
Metarossite,CaV2O8,phosphate_arsenate_vanadate,33.0,17,0.5151515151515151
Metatorbernite,U2CuPO8,phosphate_arsenate_vanadate,99.0,5,0.050505050505050504
Metauranocircite II,BaU2(PO9)2,phosphate_arsenate_vanadate,138.0,13,0.09420289855072464
Metauroxite,UCO6,carbonate,24.0,7,0.2916666666666667
Metavariscite,AlP(H2O3)2,phosphate_arsenate_vanadate,72.0,17,0.2361111111111111
Metavivianite,Fe3(PO8)2,phosphate_arsenate_vanadate,30.0,16,0.5333333333333333
Metavoltine,K2Na6Zn0.1Fe6.6Cu0.3S12O68,sulfate,188.0,14,0.07446808510638298
Metazeunerite,U2CuAs2(H4O5)4,phosphate_arsenate_vanadate,90.0,7,0.07777777777777778
Meurigite-K,K0.462Fe3.726P2.727O18.7175,phosphate_arsenate_vanadate,165.0,8,0.048484848484848485
Meyerhofferite,CaB3H7O9,borate,60.0,15,0.25
Miargyrite,AgSbS2,sulfide_selenide_telluride,21.0,5,0.23809523809523808
Microcline,K1Al0.93Si3.07O8,silicate,39.0,17,0.4358974358974359
Microlite,Ca2Ta2O7,oxide_hydroxide,6.0,12,2.0
Microsommite,K0.99Na2.01Ca1Al3Si3S0.44Cl1.11999O13.76,silicate,118.0,11,0.09322033898305085
Miguelromeroite,Ca0.08Mn4.57Zn0.32As4O20,phosphate_arsenate_vanadate,87.0,13,0.14942528735632185
Mikenewite,Mn0.904Zn0.096H6S1O6,sulfate,84.0,7,0.08333333333333333
Milarite,K1Na0.188Ca2Be2.19Al0.81Si12O30.668,silicate,66.0,12,0.18181818181818182
Millerite,NiS,sulfide_selenide_telluride,8.0,14,1.75
Mimetite,As3Pb5ClO12,phosphate_arsenate_vanadate,32.0,6,0.1875
Minasragrite,VH10SO10,sulfate,132.0,12,0.09090909090909091
Minium,Pb3O4,oxide_hydroxide,26.0,9,0.34615384615384615
Minyulite,KAl2P2H8O12F,phosphate_arsenate_vanadate,153.0,13,0.08496732026143791
Miserite,K2.26Ca10.54La0.14Tb0.1Ce0.22Pr0.04Nd0.2Dy0.12Y1.12Er0.06Si16O46.53F2,silicate,117.0,18,0.15384615384615385
Mitridatite,Ca2Fe3P3O17,phosphate_arsenate_vanadate,447.0,15,0.03355704697986577
Mixite,Cu6Bi1As3O20.99997,phosphate_arsenate_vanadate,85.0,10,0.11764705882352941
Miyawakiite-(Y),K0.301Ca0.332Tb0.012Yb0.12Sm0.02Gd0.08Dy0.212Y2.952Er0.1Mg0.48Mn0.24Fe1.14Si8C4O35,silicate,117.0,12,0.10256410256410256
Molybdenite,MoS2,sulfide_selenide_telluride,4.0,4,1.0
Molybdite,MoO3,oxide_hydroxide,24.0,11,0.4583333333333333
Molybdomenite,PbSeO3,oxide_hydroxide,15.0,6,0.4
Molybdophyllite,Mg9Si10Pb8(CO16)3,silicate,231.0,16,0.06926406926406926
Monazite-(Ce),CePO4,phosphate_arsenate_vanadate,36.0,17,0.4722222222222222
Monazite-(Gd),GdPO4,phosphate_arsenate_vanadate,36.0,14,0.3888888888888889
Monazite-(La),LaPO4,phosphate_arsenate_vanadate,36.0,7,0.19444444444444445
Montebrasite,LiAlPHO5,phosphate_arsenate_vanadate,24.0,14,0.5833333333333334
Monteregianite-(Y),K1Na1.41Y1Si8O23.13,silicate,222.0,17,0.07657657657657657
Montgomeryite,Ca2Mg0.5Al2P3O20,phosphate_arsenate_vanadate,81.0,14,0.1728395061728395
Monticellite,Ca1.255Co0.745Si1O4,silicate,36.0,10,0.2777777777777778
Montmorillonite,Ca0.5Al2Si4O12,silicate,54.0,11,0.2037037037037037
Montroseite,V0.875Fe0.125O2,oxide_hydroxide,18.0,10,0.5555555555555556
Montroydite,HgO,oxide_hydroxide,12.0,4,0.3333333333333333
Mooreite,Mg9Mn1.882Zn4H42S2O42,sulfate,300.0,12,0.04
Moorhouseite,CoH12SO10,sulfate,141.0,14,0.09929078014184398
Moraesite,Be2PO9,phosphate_arsenate_vanadate,36.0,12,0.3333333333333333
Mordenite,K0.24Na0.69Ca0.466Al1.956Si10.044O31.18,silicate,579.0,5,0.008635578583765112
Morinite,NaCa2Al2P2H5O11F4,phosphate_arsenate_vanadate,81.0,17,0.20987654320987653
Mottramite,VCuHPbO5,phosphate_arsenate_vanadate,48.0,8,0.16666666666666666
Mozartite,CaMnSiHO5,silicate,105.0,13,0.12380952380952381
Muirite,Ba9.5Ca3.5Ti1Si8Cl4O36,silicate,61.0,12,0.19672131147540983
Mullite,Al2.38Si0.62O4.77,silicate,30.0,18,0.6
Munakataite,Cu1.894H4Pb1.934Se0.85S1.15O11,sulfate,63.0,10,0.15873015873015872
Murdochite,Cu5.999Pb1O8,oxide_hydroxide,4.0,7,1.75
Murmanite,Na2Ti3Mn(Si2O11)2,silicate,93.0,15,0.16129032258064516
Muscovite,K1Al3Si3O12,silicate,57.0,11,0.19298245614035087
Mushistonite,CuSnO6,oxide_hydroxide,23.0,8,0.34782608695652173
Naalasite,Na2.7402Al3As6O27.38,phosphate_arsenate_vanadate,64.0,10,0.15625
Nabokoite,KCu7TeS5ClO24,sulfate,136.0,14,0.10294117647058823
Nacrite,Al2Si2H4O9,silicate,99.0,9,0.09090909090909091
Nagyagite,Sb0.524Te0.867Pb1.476Au0.133S2,sulfide_selenide_telluride,15.0,6,0.4
Nahcolite,NaCO3,carbonate,30.0,6,0.2
Namansilite,NaMn(SiO3)2,silicate,30.0,10,0.3333333333333333
Nambulite,Na0.45Li0.55Mn4Si5O15,silicate,75.0,11,0.14666666666666667
Namibite,VCuBi2O7,phosphate_arsenate_vanadate,30.0,11,0.36666666666666664
Namuwite,Zn4SO14,sulfate,38.0,7,0.18421052631578946
Nannoniite,Al2H5O5F,oxide_hydroxide,78.0,11,0.14102564102564102
Narsarsukite,Na2TiSi4O11,silicate,39.0,15,0.38461538461538464
Natanite,FeSnO6,oxide_hydroxide,10.0,5,0.5
Natroalunite,K0.2Na0.72Ca0.54Al6H12S4O28,sulfate,43.0,10,0.23255813953488372
Natrochalcite,NaCu2(SO5)2,sulfate,18.0,12,0.6666666666666666
Natrojarosite,K0.29Na0.69Fe3H6S2O14,sulfate,19.0,11,0.5789473684210527
Natrolemoynite,K0.05Na1.44Ca0.01Zr0.94Ti0.02Nb0.04Si5O17.56,silicate,78.0,15,0.19230769230769232
Natrolite,Na2Al2Si3O10,silicate,99.0,15,0.15151515151515152
Natromarkeyite,Na2Ca8U4H42C13O74.148,carbonate,453.0,6,0.013245033112582781
Natrosilite,Na2Si2O5,silicate,54.0,15,0.2777777777777778
Natrosulfatourea,Na2H4CSN2O5,carbonate,84.0,8,0.09523809523809523
Naujakasite,Na6Al4Fe1Si8O26,silicate,66.0,20,0.30303030303030304
Nchwaningite,Ca0.008Mg0.106Mn1.85Al0.012Fe0.008Si1H4O6,silicate,153.0,19,0.12418300653594772
Nealite,FeAs2Pb4(ClO2)4,phosphate_arsenate_vanadate,27.0,7,0.25925925925925924
Neighborite,NaMgF3,halide,24.0,7,0.2916666666666667
Nekoite,Ca3(Si3O11)2,silicate,90.0,12,0.13333333333333333
Neltnerite,Ca0.95Mn6.05Si1O12,silicate,66.0,9,0.13636363636363635
Nenadkevichite,K2.98Na1.22Ti1.8Nb2.2Si8O31.15,silicate,162.0,14,0.08641975308641975
Nepheline,KNa3Al4(SiO4)4,silicate,82.0,11,0.13414634146341464
Neptunite,KNa2LiTi2Fe2(SiO3)8,silicate,237.0,12,0.05063291139240506
Nesquehonite,MgCO6,carbonate,48.0,6,0.125
Nevadaite,Al4.5V0.5Cu1P4O27.32F4.5,phosphate_arsenate_vanadate,267.0,16,0.0599250936329588
Newberyite,MgPO7,phosphate_arsenate_vanadate,108.0,11,0.10185185185185185
Nickelalumite,Al4V0.02Zn0.39Fe0.01Ni0.55H18S1O19,sulfate,258.0,15,0.05813953488372093
Nickelhexahydrite,NiH12SO10,sulfate,141.0,11,0.07801418439716312
Nickeline,NiAs,other,1.0,4,4.0
Nierite,Si3N4,other,40.0,15,0.375
Nifontovite,Ca3B6(H4O5)4,borate,135.0,17,0.1259259259259259
Nioboaeschynite-(Ce),Ca0.17Ce0.68Th0.01Ti0.99Mn0.02Nb1.01Fe0.06O6,oxide_hydroxide,54.0,11,0.2037037037037037
Niobophyllite,Cs0.04K1.8Na1Ti0.54Mn1.98Nb1.46Al0.24Fe4.6Si7.76H4O30.86F0.13,silicate,78.0,10,0.1282051282051282
Niocalite,Ca7NbSi4O17F,silicate,177.0,10,0.05649717514124294
Nissonite,Mg2Cu2P2(H4O5)3,phosphate_arsenate_vanadate,99.0,21,0.21212121212121213
Nitratine,NaNO3,nitrate,5.0,3,0.6
Nitrobarite,Ba(NO3)2,nitrate,20.0,3,0.15
Nobleite,CaB6(H4O7)2,borate,174.0,22,0.12643678160919541
Nontronite,Fe(SiO3)2,silicate,27.0,13,0.48148148148148145
Norbergite,Mg3Si1O4.2F1.8,silicate,60.0,14,0.23333333333333334
Nordenskioldine,CaSn(BO3)2,borate,8.0,7,0.875
Nordite-(La),Na3SrLaZnSi6O17,silicate,168.0,14,0.08333333333333333
Nordstrandite,AlO3,oxide_hydroxide,12.0,19,1.5833333333333333
Normandite,Na1.17Ca0.83Zr0.388Ti0.612Mn1Si2O8F1,silicate,90.0,13,0.14444444444444443
Norrishite,KLiMn2(SiO3)4,silicate,27.0,14,0.5185185185185185
Northupite,Na3MgC2ClO6,carbonate,27.0,6,0.2222222222222222
Nosean,Na4.04Al3Si3S0.49O14.44,silicate,74.0,7,0.0945945945945946
Offretite,K0.89Ca1.5Mg0.86Al5.4Si12.6O52.07,silicate,104.0,5,0.04807692307692308
Okenite,Ca1.66666667Si3O10.66666667,silicate,153.0,15,0.09803921568627451
Olenite,K0.004Na0.773Li0.483Ca0.032Ti0.006Mn1.143Al7.407Fe0.018Si5.826B3H3O30.52F0.48,silicate,82.0,13,0.15853658536585366
Olivenite,Cu2AsO5,phosphate_arsenate_vanadate,48.0,8,0.16666666666666666
Olmiite,Ca1.14Mn0.84Fe0.01Si1H2O5,silicate,120.0,13,0.10833333333333334
Olshanskyite,Ca2B3(HO)13,borate,93.0,16,0.17204301075268819
Omphacite,Na0.835Ca1.165Mg0.805Al0.885Fe0.31Si4O12,silicate,117.0,14,0.11965811965811966
Ondrusite,CaCu4As4(HO13)2,phosphate_arsenate_vanadate,54.0,15,0.2777777777777778
Orientite,Ca2Mn3Si2.5O14,silicate,63.0,12,0.19047619047619047
Orpiment,As2S3,sulfide_selenide_telluride,30.0,7,0.23333333333333334
Orthoclase,K1Al1Si3O8,silicate,39.0,10,0.2564102564102564
Orthominasragrite,VH10SO10,sulfate,129.0,7,0.05426356589147287
Osarizawaite,Al1.62Fe0.39Cu0.99H6Pb1S2O14,sulfate,19.0,10,0.5263157894736842
Osumilite,K0.32Na0.35Ca0.12Mg1.48Al4.95Fe1.57Si9H1O30,silicate,59.0,9,0.15254237288135594
Osumilite-(Mg),K0.72Na0.03Ca0.01Mg1.96Mn0.04Al4.23Fe0.45Si10.32O30,silicate,59.0,11,0.1864406779661017
Otavite,CdCO3,carbonate,5.0,5,1.0
Ottensite,Na3.61Sb7S3O12,sulfate,88.0,9,0.10227272727272728
Ottoite,TePb2O5,oxide_hydroxide,21.0,5,0.23809523809523808
Overite,CaMgAlP2O13,phosphate_arsenate_vanadate,216.0,10,0.046296296296296294
Oxy-dravite,K0.031Na0.626Li0.006Ca0.061Mg1.734Ti0.123Mn0.006Al6.318V0.009Cr0.006Fe0.789Si6B3O30.669F0.331,silicate,77.0,23,0.2987012987012987
Oxy-schorl,K0.015Na0.348Ca0.156Mg1.359Ti0.069Mn0.006Al6.516V0.006Cr0.009Fe1.026Si6B3O30.94F0.06,silicate,77.0,16,0.2077922077922078
Paakkonenite,Sb2AsS2,sulfide_selenide_telluride,15.0,8,0.5333333333333333
Pabellondepicaite,Cu2H14C4N9Cl1O5,oxide_hydroxide,120.0,12,0.1
Pabstite,BaSi3SnO9,silicate,34.0,12,0.35294117647058826
Pachnolite,NaCaAlH2OF6,oxide_hydroxide,72.0,7,0.09722222222222222
Painite,CaZrAl9BO18,borate,88.0,26,0.29545454545454547
Palenzonaite,Na0.732Ca2.268Mn2V2.925As0.075O12,phosphate_arsenate_vanadate,25.0,4,0.16
Palermoite,SrLi2Al4(PO5)4,phosphate_arsenate_vanadate,93.0,17,0.1827956989247312
Papagoite,CaAlCuSi2O9,silicate,39.0,17,0.4358974358974359
Parabutlerite,FeSO7,sulfate,108.0,14,0.12962962962962962
Paracoquimbite,Fe2(SO7)3,sulfate,102.0,9,0.08823529411764706
Paradamite,Zn2AsO5,phosphate_arsenate_vanadate,24.0,13,0.5416666666666666
Parafransoletite,Ca3Be2P4(HO2)10,phosphate_arsenate_vanadate,57.0,17,0.2982456140350877
Paragonite,Na1Al3.06Si2.94H2O12,silicate,63.0,13,0.20634920634920634
Parahopeite,Zn3(PO6)2,phosphate_arsenate_vanadate,24.0,12,0.5
Parakeldyshite,Na2ZrSi2O7,silicate,36.0,19,0.5277777777777778
Paralaurionite,HPbClO,oxide_hydroxide,12.0,4,0.3333333333333333
Paramontroseite,VO2,oxide_hydroxide,18.0,7,0.3888888888888889
Parapierrotite,TlSb5S8,sulfide_selenide_telluride,165.0,8,0.048484848484848485
Pararaisaite,Mg1.079Cu0.941Sb0.01Te0.97H14O12,oxide_hydroxide,168.0,9,0.05357142857142857
Pararealgar,AsS,sulfide_selenide_telluride,48.0,9,0.1875
Pararobertsite,Ca2Mn3P3H6O17,phosphate_arsenate_vanadate,180.0,15,0.08333333333333333
Parascholzite,CaZn2(PO5)2,phosphate_arsenate_vanadate,45.0,12,0.26666666666666666
Parasibirskite,CaBO3,borate,15.0,13,0.8666666666666667
Parasymplesite,Fe3(AsO8)2,phosphate_arsenate_vanadate,30.0,8,0.26666666666666666
Paratacamite,Cu2ClO3,oxide_hydroxide,44.0,8,0.18181818181818182
Parauranophane,CaU2Si2O17,silicate,132.0,10,0.07575757575757576
Paravauxite,Al2FeP2(HO)18,phosphate_arsenate_vanadate,57.0,13,0.22807017543859648
Paravinogradovite,K0.13Na2.07Ti3.52Be0.3Al0.1Fe0.48Si7.6H4O27.17,silicate,156.0,16,0.10256410256410256
Pargasite,Na1Ca2Mg4.37Sc0.63Al2Si6O24,silicate,57.0,12,0.21052631578947367
Parisite-(Ce),CaCe2CO3F2,carbonate,106.0,9,0.08490566037735849
Parkerite,Ni1.5Bi1S1,sulfide_selenide_telluride,9.0,5,0.5555555555555556
Parsonsite,UP2(PbO5)2,phosphate_arsenate_vanadate,45.0,12,0.26666666666666666
Partheite,Ca2Al4Si4O21,silicate,93.0,24,0.25806451612903225
Pascoite,Ca3V10H34O45,phosphate_arsenate_vanadate,150.0,9,0.06
Patronite,VS4,sulfide_selenide_telluride,30.0,14,0.4666666666666667
Pearceite,Cu3.04Ag12.96Sb1.846As0.154S11.00002,sulfide_selenide_telluride,38.0,5,0.13157894736842105
Pectolite,NaCa2Si3HO9,silicate,48.0,15,0.3125
Pellyite,Ba2Ca1Mg0.22Mn0.18Al0.2Zn0.12Fe1.48Si5.8O17,silicate,78.0,16,0.20512820512820512
Penfieldite,Pb2Cl3O,oxide_hydroxide,29.0,9,0.3103448275862069
Penikisite,Ba1Mg1.97Mn0.03Al2P3H3O15,phosphate_arsenate_vanadate,78.0,19,0.24358974358974358
Penkvilksite,Na2Zr0.1Ti0.9Si4H4O13,silicate,138.0,12,0.08695652173913043
Pentagonite,CaVSi4O15,silicate,123.0,6,0.04878048780487805
Pentahydrite,Mg0.9Cu1.1S2O18,sulfate,30.0,6,0.2
Peprossiite-(Ce),Ca0.102Pr0.818Al2.00001Si0.132B3.868O10.66667,silicate,23.0,17,0.7391304347826086
Peretaite,CaSb4H6(SO8)2,sulfate,87.0,11,0.12643678160919541
Perite,BiPbClO2,oxide_hydroxide,15.0,11,0.7333333333333333
Perovskite,CaTiO3,oxide_hydroxide,24.0,12,0.5
Perroudite,Ag4.4Hg4.1S4.1I1.6Br0.8Cl2,sulfide_selenide_telluride,105.0,5,0.047619047619047616
Pertlikite,K2Mg3.53Al1Fe4.47H24S12O66.252,sulfate,503.0,17,0.033797216699801194
Petalite,LiAl(Si2O5)2,silicate,45.0,13,0.28888888888888886
Petarasite,Na4.8Ca0.2Zr2Si6Cl0.75O20.37,silicate,108.0,14,0.12962962962962962
Petedunnite,CaZn(SiO3)2,silicate,30.0,10,0.3333333333333333
Petersenite-(Ce),Na4Ce2(CO3)5,carbonate,309.0,5,0.016181229773462782
Petersite-(Y),Ca0.24La0.14Nd0.05Dy0.01Y0.59Cu6As0.03P2.97H6O24,phosphate_arsenate_vanadate,72.0,12,0.16666666666666666
Pezzottaite,Cs0.74966667Na0.22566667Li1Be2Al2Si6O18.285,silicate,149.0,17,0.11409395973154363
Pharmacolite,CaAsH5O6,phosphate_arsenate_vanadate,75.0,9,0.12
Pharmacosiderite,Fe4As3O21,phosphate_arsenate_vanadate,28.0,6,0.21428571428571427
Phenakite,Be2SiO4,silicate,42.0,13,0.30952380952380953
Philipsbornite,Al2.55Fe0.45As1.64H6Pb1.00002S0.36O14,sulfate,24.0,19,0.7916666666666666
Philipsburgite,Zn1Cu5As1.628P0.372H8O15,phosphate_arsenate_vanadate,186.0,16,0.08602150537634409
Phillipsite-Ca,K1Ca0.82Al2.672Si5.328O22,silicate,96.0,12,0.125
Phillipsite-K,K1.22Na0.41Ca0.78Al3.2Si4.8O21.13,silicate,102.0,12,0.11764705882352941
Phillipsite-Na,K0.5Na2Al2.48Si5.52O21,silicate,207.0,10,0.04830917874396135
Phlogopite,K1Mg3Al1Si3O11F1,silicate,57.0,12,0.21052631578947367
Phoenicochroite,CrPb2O5,chromate,24.0,6,0.25
Phosgenite,Pb2CCl2O3,carbonate,31.0,6,0.1935483870967742
Phosphoferrite,Fe3P2O11,phosphate_arsenate_vanadate,96.0,12,0.125
Phosphohedyphane,Ca1.838As0.279P2.721Pb3.162Cl1O12,phosphate_arsenate_vanadate,32.0,9,0.28125
Phosphophyllite,Zn2FeP2(H2O3)4,phosphate_arsenate_vanadate,72.0,11,0.1527777777777778
Phosphosiderite,FePO6,phosphate_arsenate_vanadate,48.0,12,0.25
Phosphuranylite,Ca1U7P4O46,phosphate_arsenate_vanadate,201.0,9,0.04477611940298507
Phurcalite,Ca2U3P2O23,phosphate_arsenate_vanadate,360.0,12,0.03333333333333333
Picaite,Na1Ca0.98Mg0.02As2H3O8,phosphate_arsenate_vanadate,90.0,13,0.14444444444444443
Pickeringite,Mg0.93Mn0.07Al2S4O38,sulfate,270.0,9,0.03333333333333333
Picropharmacolite,Ca4MgAs4O27,phosphate_arsenate_vanadate,108.0,16,0.14814814814814814
Piemontite,Sr0.13Ca1.87Mn0.72Al1.97Fe0.31Si3H1O13,silicate,60.0,18,0.3
Pinakiolite,Mg1.81Mn1.08Fe0.01B1O5,borate,45.0,9,0.2
Pirquitasite,Zn0.61Cd0.03Fe0.36Cu0.13Ag1.87Sn1S4,sulfide_selenide_telluride,15.0,5,0.3333333333333333
Pirssonite,Na2CaH4(CO4)2,carbonate,99.0,6,0.06060606060606061
Pitiglianoite,K4.002Na10.998Al9Si9S1.5O44.997,silicate,274.0,12,0.043795620437956206
Piypite,K4Cu4.5S4Cl1O18,sulfate,69.0,13,0.18840579710144928
Plancheite,Cu8Si8O27,silicate,258.0,13,0.050387596899224806
Plattnerite,PbO2,oxide_hydroxide,4.0,6,1.5
Pleysteinite,K1.924Mg0.508Ti1.036Mn3.492Al3.598Fe1.346P8H56O61.916F4,phosphate_arsenate_vanadate,420.0,14,0.03333333333333333
Plombierite,Ca2.5Si3O12.5,silicate,117.0,4,0.03418803418803419
Plumbogaidonnayite,K0.14Ca0.18Zr1Si3Pb0.657O11,silicate,249.0,12,0.04819277108433735
Plumbogummite,Al3As0.1P1.9Pb1.00002O14,phosphate_arsenate_vanadate,18.0,12,0.6666666666666666
Plumbonacrite,Pb1.66666667C1O4,carbonate,162.0,7,0.043209876543209874
Plumbophyllite,Si2Pb1O5.5,silicate,108.0,15,0.1388888888888889
Pohlite,HPb7ICl9O7,oxide_hydroxide,75.0,5,0.06666666666666667
Poldervaartite,Ca1.67Mn0.33Si1H2O5,silicate,120.0,11,0.09166666666666666
Pollucite,Cs0.7Na0.3Al0.99Si2.01O6,silicate,28.0,6,0.21428571428571427
Polybasite,Cu1Ag31Sb3.797As0.203S22,sulfide_selenide_telluride,348.0,5,0.014367816091954023
Polydymite,Ni3S4,sulfide_selenide_telluride,5.0,6,1.2
Polyhalite,K2Ca2Mg(S2O9)2,sulfate,39.0,9,0.23076923076923078
Polylithionite,K0.906Rb0.051Na0.005Li1.423Mn0.038Al1.504Fe0.455Si3.536O10.254F1.746,silicate,57.0,12,0.21052631578947367
Portlandite,Ca(HO)2,oxide_hydroxide,4.0,6,1.5
Posnjakite,Cu4H7SO11,sulfate,135.0,11,0.08148148148148149
Postite,Mg1Al2V10H56O57,phosphate_arsenate_vanadate,792.0,13,0.016414141414141416
Potassic-arfvedsonite,K0.684Na2.216Li0.28Ti0.06Mn0.2Fe4.46Si8H1.6O23.6F0.4,silicate,69.0,15,0.21739130434782608
Potassic-fluoro-pargasite,K0.691Na0.281Ca2.03Mg3.64Ti0.05Mn0.01Al2.99Fe0.51Si5.8H0.74O22.74F1.26,silicate,66.0,11,0.16666666666666666
Potassic-fluoro-richterite,K0.56Na1.6Ca0.8Mg3.497Ti0.17Mn0.01Al0.08Fe1.403Si7.86O22F2,silicate,57.0,16,0.2807017543859649
Poudretteite,KNa2Si12(BO10)3,silicate,59.0,13,0.22033898305084745
Poughite,Fe2Te2SO13,sulfate,213.0,19,0.0892018779342723
Powellite,CaMoO4,oxide_hydroxide,13.0,7,0.5384615384615384
Prehnite,Ca2Al2Si3O12,silicate,54.0,14,0.25925925925925924
Preisingerite,Bi3(AsO5)2,phosphate_arsenate_vanadate,45.0,10,0.2222222222222222
Preobrazhenskite,Mg3B11(H3O8)3,borate,282.0,19,0.0673758865248227
Priceite,Ca2B5O13,borate,120.0,22,0.18333333333333332
Priderite,K0.66Ba0.1Na0.02Mg0.12Ti3.36Fe0.52O8,oxide_hydroxide,17.0,8,0.47058823529411764
Probertite,NaCaB5(H5O7)2,borate,186.0,19,0.10215053763440861
Prosopite,CaAl2(OF)4,oxide_hydroxide,30.0,17,0.5666666666666667
Protochabourneite,Tl1.7Sb8.8As0.9Pb1.6S17,sulfide_selenide_telluride,93.0,13,0.13978494623655913
Protoferro-anthophyllite,Mg0.1Mn0.4Fe6.5Si8O24,silicate,114.0,12,0.10526315789473684
Proustite,Ag3AsS3,sulfide_selenide_telluride,19.0,3,0.15789473684210525
Pseudoboleite,Cu12Pb15.5Cl31O24,oxide_hydroxide,167.0,11,0.0658682634730539
Pseudobrookite,TiFe2O5,oxide_hydroxide,24.0,10,0.4166666666666667
Pseudolaueite,MnFe2(PO9)2,phosphate_arsenate_vanadate,66.0,15,0.22727272727272727
Pseudomalachite,Cu5(PO6)2,phosphate_arsenate_vanadate,54.0,20,0.37037037037037035
Pseudomarkeyite,Ca8U4C12O65,carbonate,267.0,6,0.02247191011235955
Pseudomeisserite-(NH4),K0.674Na4U2H13.304S5N1.326O28,sulfate,342.0,9,0.02631578947368421
Pseudowollastonite,CaSiO3,silicate,87.0,8,0.09195402298850575
Pucherite,VBiO4,phosphate_arsenate_vanadate,24.0,7,0.2916666666666667
Pumpellyite-(Al),Ca2Al2.8Fe0.2Si3H4O14,silicate,75.0,15,0.2
Pumpellyite-(Mg),Ca1.9Mg0.45Al2.71Fe0.15Si2.79O14,silicate,63.0,15,0.23809523809523808
Pyrargyrite,Ag3SbS3,sulfide_selenide_telluride,19.0,7,0.3684210526315789
Pyrite,FeS2,sulfide_selenide_telluride,5.0,3,0.6
Pyroaurite,Mg0.75Fe0.25H2C0.125O2.87501,carbonate,15.0,6,0.4
Pyrobelonite,MnVHPbO5,phosphate_arsenate_vanadate,48.0,5,0.10416666666666667
Pyrochlore,K0.02Na0.37Sr0.07Ca0.73La0.01Ce0.03Nd0.01U0.02Ta0.02Ti0.16Mn0.04Nb1.72Fe0.03Si0.07Pb0.01O6.38F0.62,silicate,6.0,14,2.3333333333333335
Pyrochroite,MnO2,oxide_hydroxide,2.0,5,2.5
Pyrolusite,MnO2,oxide_hydroxide,4.0,4,1.0
Pyromorphite,P3Pb5ClO12,phosphate_arsenate_vanadate,32.0,11,0.34375
Pyrope,Mg3Al2(SiO4)3,silicate,25.0,9,0.36
Pyrophanite,Ti1Mn0.9Zn0.1O3,oxide_hydroxide,10.0,8,0.8
Pyrophyllite,Al(SiO3)2,silicate,27.0,10,0.37037037037037035
Pyrosmalite-(Mn),Mn4.48Fe3.7Si5.82Cl1.65O23.35,silicate,58.0,8,0.13793103448275862
Pyroxene,Li0.15Mg0.7Sc0.15Si1O3,silicate,60.0,11,0.18333333333333332
Pyroxferroite,Ca0.13428571Fe0.86571429Si1O3,silicate,105.0,13,0.12380952380952381
Pyroxmangite,Mg0.03214286Mn0.96785714Si1O3,silicate,105.0,12,0.11428571428571428
Pyrrhotite,Fe7S8,sulfide_selenide_telluride,45.0,3,0.06666666666666667
Qilianshanite,NaBCO8,carbonate,63.0,14,0.2222222222222222
Quadridavyne,K3.84Na8.16Ca4Al12Si12Cl8.00002O48,silicate,173.0,12,0.06936416184971098
Quartz,SiO2,silicate,12.0,7,0.5833333333333334
Quenselite,MnPbO3,oxide_hydroxide,30.0,10,0.3333333333333333
Quintinite,Mg2Al1H6C0.5O9,carbonate,50.0,10,0.2
Raguinite,TlFeS2,sulfide_selenide_telluride,12.0,11,0.9166666666666666
Raite,Na3Ti0.25Mn3Si8O32,silicate,66.0,6,0.09090909090909091
Rajite,CuTe2O5,oxide_hydroxide,48.0,12,0.25
Ramdohrite,Ag1.5Sb5.5Pb3S12,sulfide_selenide_telluride,132.0,5,0.03787878787878788
Ramsbeckite,Zn4Cu11Os16(SO7)4,sulfate,186.0,6,0.03225806451612903
Ramsdellite,MnO2,oxide_hydroxide,18.0,3,0.16666666666666666
Rankinite,Ca3Si2O7,silicate,72.0,14,0.19444444444444445
Rapidcreekite,Ca2CSO11,carbonate,180.0,11,0.06111111111111111
Raslakite,K0.201Na15.591Sr0.201Ca3.708Ce0.3Hf0.099Mg0.15Zr3.801Ti0.15Mn0.9Nb0.2Al0.2Fe2.199Si25.3Cl1O76.6,silicate,322.0,17,0.052795031055900624
Rasmussenite,CaH12C4O9,oxide_hydroxide,78.0,13,0.16666666666666666
Raspite,PbWO4,oxide_hydroxide,36.0,8,0.2222222222222222
Rasvumite,KFe2S3,sulfide_selenide_telluride,18.0,6,0.3333333333333333
Realgar,AsS,sulfide_selenide_telluride,48.0,7,0.14583333333333334
Redledgeite,Ba0.561Ti4O8,oxide_hydroxide,17.0,10,0.5882352941176471
Redmondite,ZnPb8(S2O5)4,oxide_hydroxide,108.0,6,0.05555555555555555
Reedmergnerite,NaSi3BO8,silicate,39.0,21,0.5384615384615384
Reichenbachite,Cu5(PO6)2,phosphate_arsenate_vanadate,54.0,19,0.35185185185185186
Reinerite,Zn3(AsO3)2,phosphate_arsenate_vanadate,66.0,11,0.16666666666666666
Reinhardbraunsite,Ca5Si2H1.394O9.394F0.606,silicate,66.0,14,0.21212121212121213
Relianceite-(K),K2.84Mg1V2P4C2N1.16O32,phosphate_arsenate_vanadate,267.0,12,0.0449438202247191
Renierite,Zn1Fe3.56Cu9.36Ge1.62S16,sulfide_selenide_telluride,119.0,6,0.05042016806722689
Retgersite,NiH12SO10,sulfate,178.0,8,0.0449438202247191
Rewitzerite,K0.77Mg0.64Ti1.1395Mn0.82Al1.4205Fe0.87P4O33.23,phosphate_arsenate_vanadate,252.0,12,0.047619047619047616
Reyerite,Na0.8Ca7Al1Si11H4O36,silicate,144.0,16,0.1111111111111111
Rhodizite,Cs0.36K0.46Rb0.06Na0.02Be4.5604Al4B11.3496O28,borate,40.0,16,0.4
Rhodochrosite,MnCO3,carbonate,5.0,4,0.8
Rhodonite,Ca0.6Mg0.86Mn3.54Si5O15,silicate,75.0,15,0.2
Rhodostannite,Fe0.5Cu1Sn1.5S4,sulfide_selenide_telluride,5.0,6,1.2
Rhomboclase,Fe1H9S2O12,sulfate,144.0,13,0.09027777777777778
Rhonite,Na0.07Ca1.93Mg3.295Ti1Al3Fe1.705Si3O20,silicate,99.0,9,0.09090909090909091
Ribbeite,Mn5Si2H2O10,silicate,132.0,9,0.06818181818181818
Richelsdorfite,Ca2Cu5SbAs4ClO28,phosphate_arsenate_vanadate,120.0,13,0.10833333333333334
Richetite,Mg0.83U36Fe0.47Pb8.74O173,oxide_hydroxide,669.0,9,0.013452914798206279
Richterite,K1Na1Ca1Mg5Si8O24,silicate,60.0,17,0.2833333333333333
Rickardite,Cu1.4Te1,sulfide_selenide_telluride,6.0,3,0.5
Rickturnerite,Mg2Pb14Cl6O18.02,oxide_hydroxide,138.0,7,0.050724637681159424
Ringwoodite,Mg2SiO4,silicate,5.0,14,2.8
Rinkite-(Ce),Na1.82Ca4.28Ce0.9Zr0.09Ti0.86Nb0.05Si4O15.3F2.7,silicate,84.0,14,0.16666666666666666
Rinneite,K3NaFeCl6,halide,14.0,16,1.1428571428571428
Riosecoite,Ca2MgAs3(HO2)7,phosphate_arsenate_vanadate,81.0,12,0.14814814814814814
Robertsite,Ca2Mn3P3O17,phosphate_arsenate_vanadate,447.0,12,0.026845637583892617
Rockbridgeite,Fe5P3O17,phosphate_arsenate_vanadate,81.0,12,0.14814814814814814
Rodalquilarite,Fe2Te4ClO12,oxide_hydroxide,27.0,15,0.5555555555555556
Roeblingite,Ca6MnSi6Pb2(SO16)2,silicate,72.0,22,0.3055555555555556
Roedderite,K0.94Na1.02Mg4.75Ti0.01Mn0.1Fe0.12Si12O30,silicate,129.0,19,0.14728682170542637
Romanechite,Ba0.66Mn5O11.18,oxide_hydroxide,27.0,11,0.4074074074074074
Romarchite,SnO,oxide_hydroxide,4.0,7,1.75
Romeite,Na1Ca1Sb2O7,oxide_hydroxide,6.0,3,0.5
Romerite,Fe3H28(S2O15)2,sulfate,96.0,12,0.125
Rongibbsite,Al1Si4H1Pb2O12,silicate,66.0,11,0.16666666666666666
Rooseveltite,BiAsO4,phosphate_arsenate_vanadate,36.0,13,0.3611111111111111
Rosasite,Zn0.8Cu1.2C1O5,carbonate,48.0,7,0.14583333333333334
Roscherite,Ca2.04Mg0.04Mn4.04Be4Al0.13Fe0.42P6O34,phosphate_arsenate_vanadate,75.0,14,0.18666666666666668
Roselite,Ca2Mg0.485Co0.515As2O10,phosphate_arsenate_vanadate,42.0,10,0.23809523809523808
Rosemaryite,Na1.022Ca0.192Mg0.166Mn2.227Al1.57Fe2.364P6O24,phosphate_arsenate_vanadate,114.0,16,0.14035087719298245
Rosiaite,Sb2PbO6,oxide_hydroxide,6.0,7,1.1666666666666667
Rossmanite,Na0.43Li0.84Al8.16Si6B3O30.9F0.1,silicate,77.0,12,0.15584415584415584
Rouaite,Cu2H3NO6,nitrate,69.0,9,0.13043478260869565
Roubaultite,U3Cu2H10(CO10)2,carbonate,54.0,9,0.16666666666666666
Roweite,Ca2Mn2B4O13,borate,120.0,18,0.15
Rruffite,Ca2CuAs2(H2O5)2,phosphate_arsenate_vanadate,54.0,11,0.2037037037037037
Rubicline,Rb1Al1Si3O8,silicate,39.0,16,0.41025641025641024
Rudlingerite,Mn1.93V1.264As0.806H2O9,phosphate_arsenate_vanadate,90.0,10,0.1111111111111111
Ruitenbergite,Ca9B26Cl4O71,borate,657.0,19,0.0289193302891933
Ruizite,Ca2Mn2Si4O17,silicate,33.0,13,0.3939393939393939
Russellite,Bi2WO6,oxide_hydroxide,105.0,12,0.11428571428571428
Rutherfordine,UCO5,carbonate,18.0,5,0.2777777777777778
Rutile,Ti0.992O2,oxide_hydroxide,4.0,5,1.25
Rynersonite,CaTa2O6,oxide_hydroxide,54.0,11,0.2037037037037037
Sabinaite,Na4Zr2Ti(CO4)4,carbonate,81.0,12,0.14814814814814814
Sadanagaite,K0.09Na0.94Ca1.95Mg2.9Ti0.3Mn0.02Al3.58Fe0.82Si5.4H1.87O23.87F0.13,silicate,63.0,11,0.1746031746031746
Sahamalite-(Ce),La1Ce1Mg0.86Fe0.14C4O12,carbonate,54.0,6,0.1111111111111111
Sahlinite,As2Pb14Cl4O17,phosphate_arsenate_vanadate,111.0,11,0.0990990990990991
Sainfeldite,Ca5As4(HO2)10,phosphate_arsenate_vanadate,117.0,17,0.1452991452991453
Sakhaite,Ca6Mg1.6492Al0.12Fe0.3508Si0.4904B3.5096C2Cl0.408O18.888,silicate,52.0,14,0.2692307692307692
Saleeite,MgU2(PO11)2,phosphate_arsenate_vanadate,78.0,7,0.08974358974358974
Salesite,CuHIO4,oxide_hydroxide,36.0,11,0.3055555555555556
Saltonseaite,K3NaMnCl6,halide,14.0,4,0.2857142857142857
Sampleite,NaCaCu5P4ClO21,phosphate_arsenate_vanadate,198.0,14,0.0707070707070707
Samsonite,MnAg4(SbS3)2,sulfide_selenide_telluride,36.0,4,0.1111111111111111
Samuelsonite,Ba0.42Na1.02Ca8.92Mn1.8Al2Fe0.82P10O42,phosphate_arsenate_vanadate,99.0,11,0.1111111111111111
Sanbornite,BaSi2O5,silicate,48.0,11,0.22916666666666666
Saneroite,Na2.291Mn10V1Si11H2O38,silicate,96.0,12,0.125
Sanidine,K0.85Na0.15Al1Si3O8,silicate,39.0,5,0.1282051282051282
Santaclaraite,Ca0.92Mg0.05Mn4.03Si5H4O17,silicate,93.0,13,0.13978494623655913
Sapphirine,Mg3.5Al9Si1.5O20,silicate,204.0,18,0.08823529411764706
Sarabauite,CaSb10(S3O5)2,oxide_hydroxide,81.0,9,0.1111111111111111
Sarcolite,Na3.52Ca12Al8Si12.5P0.5C0.92Cl0.08O55.64,silicate,152.0,14,0.09210526315789473
Sarcopside,Mg0.03Mn0.63Fe2.34P2O8,phosphate_arsenate_vanadate,36.0,15,0.4166666666666667
Sarkinite,Mn2AsO5,phosphate_arsenate_vanadate,192.0,5,0.026041666666666668
Sartorite,As17.464Pb9.536S35,sulfide_selenide_telluride,390.0,5,0.01282051282051282
Sassolite,B(HO)3,borate,42.0,5,0.11904761904761904
Satterlyite,Mg0.456Fe1.544P1H1O5,phosphate_arsenate_vanadate,84.0,12,0.14285714285714285
Sazhinite-(La),Na6Ca0.16La0.82Ce0.7Pr0.04Nd0.08Th0.18Si11.88S0.12O34.5,silicate,174.0,19,0.10919540229885058
Scainiite,Sb30Pb14S54O5,oxide_hydroxide,309.0,7,0.022653721682847898
Scawtite,Ca7Si6C1O23,silicate,57.0,15,0.2631578947368421
Schafarzikite,Fe(SbO2)2,oxide_hydroxide,26.0,7,0.2692307692307692
Schaurteite,Ca3GeH12S2O17,sulfate,46.0,6,0.13043478260869565
Scheelite,CaWO4,oxide_hydroxide,13.0,6,0.46153846153846156
Schiavinatoite,Ta0.48Nb0.52B1O4,borate,12.0,6,0.5
Schizolite,Na1Ca1.23Mn0.77Si3O9,silicate,45.0,18,0.4
Schmiederite,Cu2Pb2Se2O11,oxide_hydroxide,51.0,12,0.23529411764705882
Schmitterite,UTeO5,oxide_hydroxide,81.0,13,0.16049382716049382
Schneiderhohnite,Fe4As5O13,oxide_hydroxide,63.0,14,0.2222222222222222
Schoepite,U4O21,oxide_hydroxide,597.0,9,0.01507537688442211
Scholzite,CaZn2(PO5)2,phosphate_arsenate_vanadate,537.0,13,0.024208566108007448
Schorl,Na0.55Mg0.33Ti0.018Al7.029Fe1.761Si5.862B3H3O30.86F0.14,silicate,82.0,13,0.15853658536585366
Schorlomite,Na0.03Ca2.88Mg0.13Zr0.04Ti1.06Mn0.02Al0.14Fe1.36Si2.34O12,silicate,25.0,17,0.68
Schrockingerite,NaCa3UH16C3SO25F,carbonate,153.0,9,0.058823529411764705
Schuetteite,Hg3S1O6,sulfate,61.0,16,0.26229508196721313
Schulenbergite,Zn1.001Cu5.999S2O21,sulfate,28.0,12,0.42857142857142855
Schultenite,As1H1Pb1O4,phosphate_arsenate_vanadate,24.0,8,0.3333333333333333
Schumacherite,V1.1Bi3As0.44P0.45O10,phosphate_arsenate_vanadate,45.0,6,0.13333333333333333
Schwartzembergite,Pb1.666I0.334Cl1O2,oxide_hydroxide,6.0,5,0.8333333333333334
Scolecite,CaAl2Si3H6O13,silicate,147.0,17,0.11564625850340136
Scorodite,FeAsO6,phosphate_arsenate_vanadate,96.0,11,0.11458333333333333
Scorzalite,Al2Fe(PO5)2,phosphate_arsenate_vanadate,42.0,21,0.5
Scotlandite,PbSO3,oxide_hydroxide,15.0,6,0.4
Scottyite,BaCu2Si2O7,silicate,72.0,14,0.19444444444444445
Scrutinyite,PbO2,oxide_hydroxide,18.0,5,0.2777777777777778
Searlesite,NaSi2BH2O7,silicate,75.0,17,0.22666666666666666
Seeligerite,Pb3ICl3O4,oxide_hydroxide,86.0,6,0.06976744186046512
Segelerite,CaMgFeP2O13,phosphate_arsenate_vanadate,216.0,12,0.05555555555555555
Seidozerite,Na3.91Ca0.26Mg0.305Zr1.38Ti1.36Mn0.425Nb0.04Fe0.32Si4O15F3,silicate,90.0,20,0.2222222222222222
Sekaninaite,Na0.203Li0.18Mg0.07Al4Fe1.746Si5C0.03O18.68,silicate,96.0,20,0.20833333333333334
Seligmannite,CuAsPbS3,sulfide_selenide_telluride,69.0,5,0.07246376811594203
Semseyite,Sb8(Pb3S7)3,sulfide_selenide_telluride,114.0,5,0.043859649122807015
Senaite,U0.466Ti10.944Fe8.558Pb0.508O38,oxide_hydroxide,82.0,15,0.18292682926829268
Senandorite,AgSb3PbS6,sulfide_selenide_telluride,789.0,3,0.0038022813688212928
Senarmontite,Sb2O3,oxide_hydroxide,9.0,12,1.3333333333333333
Senegalite,Al2PO8,phosphate_arsenate_vanadate,129.0,18,0.13953488372093023
Sengierite,UVCuO10,phosphate_arsenate_vanadate,78.0,14,0.1794871794871795
Serandite,Na1Ca0.18Mn1.82Si3O9,silicate,45.0,13,0.28888888888888886
Serendibite,Na0.402Ca1.598Mg2Al5Si3.368B1.632O20,silicate,99.0,16,0.16161616161616163
Serpierite,Ca1Zn1.36Cu2.64S2O17,sulfate,144.0,10,0.06944444444444445
Serrabrancaite,MnPH2O5,phosphate_arsenate_vanadate,24.0,17,0.7083333333333334
Sewardite,CaFe2(AsO5)2,phosphate_arsenate_vanadate,87.0,13,0.14942528735632185
Shandite,Ni3(PbS)2,sulfide_selenide_telluride,2.0,8,4.0
Shannonite,Pb2CO4,carbonate,81.0,6,0.07407407407407407
Shattuckite,Cu5Si4(HO7)2,silicate,144.0,15,0.10416666666666667
Shcherbakovite,K1.66Ba0.23Na1.07Ca0.02Zr0.04Ti1.4Nb0.48Fe0.08Si4O14,silicate,72.0,14,0.19444444444444445
Shibkovite,K2.26Na0.34Ca1.26Mn0.4Zn3Si12O30,silicate,61.0,11,0.18032786885245902
Shigaite,NaMn6Al3H42(SO19)2,sulfate,90.0,7,0.07777777777777778
Shiranuiite,Cu(RhS2)2,sulfide_selenide_telluride,5.0,5,1.0
Shirozulite,K0.91Ba0.09Mg0.93Ti0.03Mn1.53Al1.74Fe0.21Si2.56H1.98O11.98F0.02,silicate,30.0,7,0.23333333333333334
Shomiokite-(Y),Na3Y(CO4)3,carbonate,225.0,6,0.02666666666666667
Shortite,Na2Ca2(CO3)3,carbonate,45.0,7,0.15555555555555556
Siderazot,Fe3N,other,8.0,7,0.875
Siderite,FeCO3,carbonate,5.0,4,0.8
Siegenite,Co1Ni2S4,sulfide_selenide_telluride,5.0,5,1.0
Sigloite,Al1Fe0.5P1H2O9,phosphate_arsenate_vanadate,48.0,17,0.3541666666666667
Sillimanite,Al1.98Fe0.02Si1O5,silicate,42.0,11,0.2619047619047619
Simmonsite,Na2LiAlF6,halide,24.0,8,0.3333333333333333
Simonellite,C,native_element,228.0,33,0.14473684210526316
Simonkolleite,Zn5H8Cl2O9.00002,oxide_hydroxide,23.0,8,0.34782608695652173
Simpsonite,Ta3Al4O14,oxide_hydroxide,40.0,18,0.45
Sincosite,CaV2P2(H4O7)2,phosphate_arsenate_vanadate,78.0,8,0.10256410256410256
Sinhalite,Mg0.92Al1.05Fe0.015B1O4,borate,36.0,20,0.5555555555555556
Sinkankasite,MnAlP2(HO)15,phosphate_arsenate_vanadate,99.0,12,0.12121212121212122
Skachaite,Ca1.08Mg0.38Mn0.03Zn0.01Fe0.05Co0.45C2O6,carbonate,8.0,4,0.5
Sklodowskite,MgU2(SiO9)2,silicate,33.0,12,0.36363636363636365
Skorpionite,Ca3Zn2P2H4C1O14,phosphate_arsenate_vanadate,90.0,15,0.16666666666666666
Skutterudite,CoAs3,other,8.0,6,0.75
Slavikite,Mg2Fe5H66S7O67.66866,sulfate,170.0,14,0.08235294117647059
Smithite,AgAsS2,sulfide_selenide_telluride,72.0,6,0.08333333333333333
Smithsonite,ZnCO3,carbonate,5.0,4,0.8
Sodalite,Na3.76Al3Fe0.04Si3Cl1O12,silicate,32.0,9,0.28125
Soddyite,U2Si(H2O5)2,silicate,51.0,9,0.17647058823529413
Sofiite,Zn2SeCl2O3,oxide_hydroxide,96.0,11,0.11458333333333333
Sogdianite,K1Na1.7Li3Zr0.76Ti0.38Al0.13Fe0.73Si12O30,silicate,64.0,12,0.1875
Sohngeite,GaO3,oxide_hydroxide,6.0,5,0.8333333333333334
Sonolite,Ca0.434Mg0.88Mn7.634Fe0.052Si4O18,silicate,90.0,12,0.13333333333333333
Sonoraite,FeTeO5,oxide_hydroxide,84.0,14,0.16666666666666666
Sorensenite,Na4Be2Si6SnO20,silicate,195.0,19,0.09743589743589744
Spangolite,Al1Cu6H12S1Cl1O19,sulfate,127.0,12,0.09448818897637795
Spencerite,Zn4P2O13,phosphate_arsenate_vanadate,54.0,11,0.2037037037037037
Sperlingite,K0.56Mg0.33Ti1.332Mn0.6Al1.038Zn0.29Fe1.39P4O32.77F0.19,phosphate_arsenate_vanadate,252.0,12,0.047619047619047616
Sperrylite,As2Pt,other,5.0,8,1.6
Spertiniite,Cu(HO)2,oxide_hydroxide,27.0,5,0.18518518518518517
Spessartine,Mn2.61Al2Fe0.39Si3O12,silicate,25.0,10,0.4
Sphalerite,ZnS,sulfide_selenide_telluride,1.0,16,16.0
Spherocobaltite,CoCO3,carbonate,5.0,4,0.8
Spinel,Mg1Al2O4,oxide_hydroxide,5.0,18,3.6
Spiroffite,Mn2Te3O8,oxide_hydroxide,39.0,9,0.23076923076923078
Spodumene,LiAl(SiO3)2,silicate,30.0,14,0.4666666666666667
Spurrite,Ca5Si2CO11,silicate,114.0,11,0.09649122807017543
Stannite,Zn0.18Cd0.02Fe0.8Cu2Sn1S4,sulfide_selenide_telluride,14.0,5,0.35714285714285715
Starkeyite,MgH8SO8,sulfate,108.0,6,0.05555555555555555
Staurolite,Mg0.196Ti0.037Mn0.019Al4.3735Fe0.741Si1.856O12,silicate,57.0,13,0.22807017543859648
Steacyite,K0.6Na0.9Ca0.74Ce0.03Th0.88Mg0.04Mn0.2Si8Pb0.01O20,silicate,57.0,12,0.21052631578947367
Steenstrupine-(Ce),Na13.48Ca0.52La2.1Ce3.9Zr1Mn2Fe2Si13.38P5.44O67.47,silicate,99.0,13,0.13131313131313133
Stellerite,K0.0144Na0.1888Ca1.3888Mg0.008Al3.978Si14.022O36.64,silicate,228.0,10,0.043859649122807015
Stenhuggarite,CaFeSbAs2O7,phosphate_arsenate_vanadate,108.0,16,0.14814814814814814
Stephanite,Ag5SbS4,sulfide_selenide_telluride,57.0,3,0.05263157894736842
Sternbergite,Fe2AgS3,sulfide_selenide_telluride,36.0,6,0.16666666666666666
Stewartite,MnFe2(PO9)2,phosphate_arsenate_vanadate,66.0,10,0.15151515151515152
Stibiotantalite,TaSbO4,oxide_hydroxide,36.0,9,0.25
Stibivanite,VSb2O5,phosphate_arsenate_vanadate,24.0,11,0.4583333333333333
Stibnite,Sb2S3,sulfide_selenide_telluride,30.0,7,0.23333333333333334
Stichtite,Mg0.77Cr0.23Co0.118H2O2.966,chromate,11.0,8,0.7272727272727273
Stilbite-Ca,Na0.44Ca0.99Al2.16Si6.84O25.08,silicate,117.0,11,0.09401709401709402
Stillwellite-(Ce),CeSiBO5,silicate,46.0,10,0.21739130434782608
Stilpnomelane,Fe2(SiO3)3,silicate,504.0,6,0.011904761904761904
Stishovite,SiO2,silicate,4.0,7,1.75
Stokesite,CaSi3SnO11,silicate,90.0,11,0.12222222222222222
Stolzite,PbWO4,oxide_hydroxide,13.0,6,0.46153846153846156
Stottite,FeGeO6,oxide_hydroxide,27.0,8,0.2962962962962963
Strakhovite,Ba3NaMn4Si6O22F,silicate,222.0,19,0.08558558558558559
Strengite,FeP(H2O3)2,phosphate_arsenate_vanadate,144.0,10,0.06944444444444445
Stringhamite,CaCuSiH2O5,silicate,54.0,17,0.3148148148148148
Strontianite,SrCO3,carbonate,30.0,5,0.16666666666666666
Strontioginorite,SrCaB14O31,borate,282.0,24,0.0851063829787234
Strontiohurlbutite,Ba0.01Sr0.87Ca0.05Be2P2O8,phosphate_arsenate_vanadate,78.0,19,0.24358974358974358
Strontioruizite,Sr1.59Ca0.41Mn1.95Fe0.05Si4H8O17,silicate,96.0,15,0.15625
Strunzite,MnFe2(PO8)2,phosphate_arsenate_vanadate,63.0,13,0.20634920634920634
Struvite,MgPH16NO10,phosphate_arsenate_vanadate,171.0,19,0.1111111111111111
Stutzite,Ag7Te4,sulfide_selenide_telluride,35.0,11,0.3142857142857143
Suenoite,Mg3.693Mn1.908Fe1.399Si8H2O24,silicate,246.0,13,0.052845528455284556
Sugilite,K1Na1.96Li3Al0.34Fe1.66Si12O30,silicate,64.0,14,0.21875
Sulfatoredmondite,Zn1Pb8S4.62O28.7,sulfate,72.0,9,0.125
Sulfoborite,Mg3B2H9SO13F,sulfate,174.0,11,0.06321839080459771
Sulphohalite,Na6S2ClO8F,sulfate,8.0,4,0.5
Sulphur,S,native_element,48.0,5,0.10416666666666667
Sulvanite,VCu3S4,sulfide_selenide_telluride,6.0,7,1.1666666666666667
Suolunite,CaSi(HO2)2,silicate,93.0,20,0.21505376344086022
Suredaite,Fe0.01Sn1.07Pb0.92S3,sulfide_selenide_telluride,30.0,4,0.13333333333333333
Sursassite,Mn2Al3Si3H3O14,silicate,66.0,11,0.16666666666666666
Susannite,Pb4C2SO12,carbonate,112.0,9,0.08035714285714286
Sussexite,Mg0.094Mn0.906B1H1O3,borate,72.0,10,0.1388888888888889
Svabite,Ca5As3O12F,phosphate_arsenate_vanadate,63.0,6,0.09523809523809523
Svanbergite,Sr1Al3P1S1O14,sulfate,14.0,12,0.8571428571428571
Swedenborgite,NaBe4SbO7,oxide_hydroxide,34.0,13,0.38235294117647056
Synadelphite,Mn9As3O22,phosphate_arsenate_vanadate,204.0,12,0.058823529411764705
Synchysite-(Ce),CaCeC2O6F,carbonate,96.0,11,0.11458333333333333
Syngenite,K2CaH2S2O9,sulfate,48.0,11,0.22916666666666666
Szaibelyite,MgBHO3,borate,72.0,11,0.1527777777777778
Szenicsite,Cu3Mo(HO2)4,oxide_hydroxide,90.0,8,0.08888888888888889
Szomolnokite,FeH2SO5,sulfate,24.0,9,0.375
Tainiolite,K0.967Li0.966Mg2.034Si4O10F2,silicate,27.0,20,0.7407407407407407
Taipingite-(CeCa),Ca0.657La1.638Ce4.023Pr0.414Nd1.494Sm0.099Gd0.018Y0.027Ho0.018Tm0.009Lu0.018Th0.009Mg0.795Fe0.25Si7O29.1F1.9,silicate,145.0,17,0.11724137931034483
Takedaite,Ca3(BO3)2,borate,16.0,9,0.5625
Takeuchiite,Mg20.58Mn15.42B12O60,borate,324.0,6,0.018518518518518517
Talc,Mg3(SiO3)4,silicate,54.0,7,0.12962962962962962
Talmessite,Ca2Mg0.65Co0.35As2O10,phosphate_arsenate_vanadate,21.0,10,0.47619047619047616
Tamarugite,NaAl(SO7)2,sulfate,108.0,5,0.046296296296296294
Tangeite,Ca0.924V0.59Cu1As0.41H1Pb0.076O5,phosphate_arsenate_vanadate,105.0,7,0.06666666666666667
Taniajacoite,Sr1.19Ca0.81Mn1.9Fe0.1Si4O17,silicate,72.0,13,0.18055555555555555
Tantalite-(Mn),Ta1.28Ti0.02Mn0.97Nb0.72Fe0.01O6,oxide_hydroxide,54.0,6,0.1111111111111111
Tapiaite,Ca5Al2(AsO8)4,phosphate_arsenate_vanadate,126.0,12,0.09523809523809523
Tapiolite-(Fe),Ta2FeO6,oxide_hydroxide,16.0,7,0.4375
Taramellite,Ba4Ti1Fe3Si8B2Cl0.89O29,silicate,144.0,16,0.1111111111111111
Tarbuttite,Zn2PO5,phosphate_arsenate_vanadate,24.0,17,0.7083333333333334
Tausonite,Sr0.6Ca0.4Ti1O3,oxide_hydroxide,24.0,16,0.6666666666666666
Tavorite,Li1Fe0.99999P1H1O5,phosphate_arsenate_vanadate,27.0,16,0.5925925925925926
Teallite,Sn0.61Pb0.39Se0.07S0.93,sulfide_selenide_telluride,18.0,7,0.3888888888888889
Teineite,CuTeO5,oxide_hydroxide,81.0,10,0.12345679012345678
Tellurite,TeO2,oxide_hydroxide,36.0,7,0.19444444444444445
Tellurium,Te,native_element,3.0,4,1.3333333333333333
Tengerite-(Y),Y2C3O11,carbonate,93.0,27,0.2903225806451613
Tenorite,CuO,oxide_hydroxide,3.0,7,2.3333333333333335
Tephroite,Mg0.17Mn1.83Si1O4,silicate,36.0,10,0.2777777777777778
Terlinguaite,Hg2ClO,oxide_hydroxide,21.0,7,0.3333333333333333
Ternesite,Ca5Si2SO12,silicate,120.0,18,0.15
Terrywallaceite,Ag1Bi1.47Sb1.53Pb1S6,sulfide_selenide_telluride,66.0,3,0.045454545454545456
Tetradymite,Bi14Te13S8,sulfide_selenide_telluride,34.0,5,0.14705882352941177
Tetrawickmanite,Mn1Sn1H6O6,oxide_hydroxide,72.0,4,0.05555555555555555
Thaumasite,Ca3SiH30CSO25,silicate,181.0,11,0.06077348066298342
Thenardite,Na2SO4,sulfate,21.0,7,0.3333333333333333
Theophrastite,NiO2,oxide_hydroxide,2.0,9,4.5
Thomasclarkite-(Y),NaYCO12,carbonate,42.0,5,0.11904761904761904
Thometzekite,Cu2As1.234Pb1S0.766O10,sulfate,18.0,13,0.7222222222222222
Thomsenolite,NaCaAlOF6,oxide_hydroxide,60.0,12,0.2
Thomsonite-Ca,Na0.7Ca0.773Al2.5Si2.5H5.66O12.83,silicate,156.0,14,0.08974358974358974
Thorianite,ThO2,oxide_hydroxide,1.0,6,6.0
Thorite,ThSiO4,silicate,12.0,12,1.0
Thorneite,Te2H2Pb6C1Cl1.5O14.5,carbonate,81.0,11,0.13580246913580246
Thortveitite,Y0.88Sc1.12Al0.04Si1.96O7,silicate,15.0,14,0.9333333333333333
Tilasite,CaMgAsO4F,phosphate_arsenate_vanadate,45.0,8,0.17777777777777778
Tilleyite,Ca5Si2C2O13,silicate,132.0,15,0.11363636363636363
Tin,Sn,native_element,2.0,3,1.5
Tinaksite,K2NaCa2TiSi7HO20,silicate,102.0,23,0.22549019607843138
Tincalconite,Na(BO3)2,borate,78.0,11,0.14102564102564102
Tinsleyite,KAl2P2O11,phosphate_arsenate_vanadate,96.0,18,0.1875
Tinzenite,Ca1.42Mg0.03Mn1.46Al1.88Fe0.21Si4B1O16,silicate,78.0,22,0.28205128205128205
Tiptopite,K1Na0.84Li1.44Ca0.36Be3P3O15.01,phosphate_arsenate_vanadate,94.0,10,0.10638297872340426
Tiragalloite,Mn4Si3AsHO13,silicate,132.0,21,0.1590909090909091
Titanite,CaTiSiO5,silicate,48.0,14,0.2916666666666667
Titantaramellite,Ba4Ti3Fe1Si8B2Cl0.95O29,silicate,144.0,15,0.10416666666666667
Tobermorite,CaSiO3,silicate,45.0,13,0.28888888888888886
Tochilinite,Mg3.55Fe7.45S6O10,oxide_hydroxide,78.0,4,0.05128205128205128
Todorokite,Mn6O15.16,oxide_hydroxide,30.0,3,0.1
Topaz,Al2SiO6,silicate,54.0,13,0.24074074074074073
Traskite,Ba24Ca1Ti5.99996Fe10.00004Si24Cl6O122,silicate,250.0,15,0.06
Trattnerite,K0.05Mg2.56Fe2.44Si12O30,silicate,59.0,7,0.11864406779661017
Trechmannite,AgAsS2,sulfide_selenide_telluride,24.0,4,0.16666666666666666
Trembathite,Mg1.56Fe1.44B7Cl1O13,borate,70.0,19,0.2714285714285714
Tremolite,Ca2Mg5Si8(O11F)2,silicate,57.0,18,0.3157894736842105
Trevorite,Fe1.7Ni1.43O4,oxide_hydroxide,5.0,13,2.6
Tridymite,SiO2,silicate,213.0,13,0.06103286384976526
Trigonite,MnAs3(PbO3)3,phosphate_arsenate_vanadate,93.0,12,0.12903225806451613
Trilithionite,K0.903Na0.045Li1.572Ca0.002Ti0.004Mn0.044Al2.066Fe0.008Si3.292O10.412F1.588,silicate,57.0,14,0.24561403508771928
Triphylite,Li1Mn0.497Fe0.503P1O4,phosphate_arsenate_vanadate,36.0,7,0.19444444444444445
Triplite,Mn2PO4F,phosphate_arsenate_vanadate,48.0,5,0.10416666666666667
Triploidite,Mn1.5Fe0.5P1O5,phosphate_arsenate_vanadate,192.0,11,0.057291666666666664
Tripuhyite,Fe0.47Sb0.53O2,oxide_hydroxide,4.0,6,1.5
Trolleite,Al4P3(HO5)3,phosphate_arsenate_vanadate,75.0,26,0.3466666666666667
Trona,Na3H5C2O8,carbonate,57.0,5,0.08771929824561403
Tsaregorodtsevite,Al1Si5C3.99996N1O12,silicate,57.0,7,0.12280701754385964
Tschermigite,Al1Os8S2N1O12,sulfate,80.0,6,0.075
Tschernichite,K0.023Na0.09Ca0.592Mg0.023Al2.165Si5.835O20.64,silicate,222.0,17,0.07657657657657657
Tsepinite-Ca,K0.5552Ba0.2698Na0.7Sr0.34Ca1.105Ti3.2Mn0.025Nb0.8Zn0.015Fe0.005Si8O35.0644,silicate,90.0,17,0.18888888888888888
Tsepinite-K,K0.21Ba0.07Na0.1Sr0.32Ca0.1Ti1.4Nb0.6Si4O16.01,silicate,189.0,12,0.06349206349206349
Tsepinite-Na,K0.44Ba0.08Na1.09Sr0.2Ti2.2Nb1.8Fe0.02Si8O32.44,silicate,162.0,14,0.08641975308641975
Tsumcorite,Zn1Fe1As2Pb1O10,phosphate_arsenate_vanadate,18.0,8,0.4444444444444444
Tugarinovite,MoO2,oxide_hydroxide,18.0,7,0.3888888888888889
Tugtupite,Na4BeAlSi4ClO12,silicate,49.0,19,0.3877551020408163
Tuite,Ca3(PO4)2,phosphate_arsenate_vanadate,11.0,8,0.7272727272727273
Tumchaite,Na2Zr0.8Si4Sn0.2H4O13,silicate,66.0,18,0.2727272727272727
Tundrite-(Ce),Na1.906Ca0.039La0.621Ce1.03Pr0.081Nd0.229Sm0.014Ti0.875Nb0.109Si1H0.14C2O12.11,silicate,66.0,24,0.36363636363636365
Tunellite,Sr(B3O7)2,borate,126.0,18,0.14285714285714285
Tungstenite,WS2,sulfide_selenide_telluride,4.0,7,1.75
Tungstite,H2WO4,oxide_hydroxide,42.0,19,0.4523809523809524
Tunisite,NaCa2Al4H8C4ClO20,carbonate,74.0,7,0.0945945945945946
Tuperssuatsiaite,Na1.88Mn1.91Fe1.09Si8O28,silicate,57.0,6,0.10526315789473684
Turneaureite,Ca5As3Cl1O12,phosphate_arsenate_vanadate,35.0,13,0.37142857142857144
Turquoise,Al6CuP4(H4O7)4,phosphate_arsenate_vanadate,81.0,16,0.19753086419753085
Turtmannite,Mg8.88Mn39V4.76Si5.52As2.24O97.2,silicate,253.0,3,0.011857707509881422
Tuzlaite,NaCaB5H8O13,borate,168.0,22,0.13095238095238096
Tvalchrelidzeite,Hg3SbAsS3,sulfide_selenide_telluride,48.0,5,0.10416666666666667
Tweddillite,Sr1Ca1Mn1.31333Al1.43Fe0.25667Si3H1O13,silicate,60.0,20,0.3333333333333333
Tychite,Na6Mg2C4SO16,carbonate,33.0,9,0.2727272727272727
Tyrolite,Ca2Cu9As4C0.76O38,carbonate,174.0,10,0.05747126436781609
Tyrrellite,Co1.36Cu1Ni0.64Se4,sulfide_selenide_telluride,5.0,3,0.6
Uchucchacuaite,Mn0.901Ag1.049Sb5.049Pb3S12,sulfide_selenide_telluride,132.0,6,0.045454545454545456
Ulexite,NaCaB5H16O17,borate,120.0,19,0.15833333333333333
Ullmannite,Co0.03Ni0.97Bi0.01Sb0.91As0.1S0.98,sulfide_selenide_telluride,14.0,7,0.5
Ulrichite,Ca1U1Cu1P2O14,phosphate_arsenate_vanadate,60.0,8,0.13333333333333333
Umangite,Cu3Se2,sulfide_selenide_telluride,18.0,5,0.2777777777777778
Umohoite,UMoO8,oxide_hydroxide,60.0,15,0.25
unknown,Ca3Ti2(SiO4)3,silicate,25.0,6,0.24
Uralborite,CaB2(H2O3)2,borate,156.0,20,0.1282051282051282
Uralolite,Ca2Be4P3O20,phosphate_arsenate_vanadate,174.0,13,0.07471264367816093
Uramarsite,Na0.09U2As1.22P0.78H0.72O18Nh1.15,phosphate_arsenate_vanadate,69.0,8,0.11594202898550725
Uranoclite,UClO5,oxide_hydroxide,84.0,11,0.13095238095238096
Uranopilite,U6SO38,sulfate,135.0,8,0.05925925925925926
Uroxite,U2H8C2O13,carbonate,150.0,5,0.03333333333333333
Urusovite,AlCuAsO5,phosphate_arsenate_vanadate,48.0,21,0.4375
Ushkovite,Mg0.99Mn0.01Al0.02Fe1.98P2H18O18,phosphate_arsenate_vanadate,57.0,18,0.3157894736842105
Ussingite,Na2AlSi3HO9,silicate,48.0,21,0.4375
Uvarovite,Ca2.991Ti0.01Mn0.009Al0.21Cr1.73Fe0.05Si3O12,silicate,25.0,9,0.36
Uzonite,As4S5,sulfide_selenide_telluride,27.0,8,0.2962962962962963
Valentinite,Sb2O3,oxide_hydroxide,30.0,7,0.23333333333333334
Vanadinite,V3Pb5ClO12,phosphate_arsenate_vanadate,32.0,6,0.1875
Vanadiocarpholite,K0.168Mg0.16Mn1.84Al2.02V1.98Si4H8O20,silicate,117.0,10,0.08547008547008547
Vandenbrandeite,UCuO6,oxide_hydroxide,24.0,8,0.3333333333333333
Vandendriesscheite,U5PbO24,oxide_hydroxide,720.0,8,0.011111111111111112
Varennesite,Na8Mn2Si10O39,silicate,177.0,9,0.05084745762711865
Variscite,AlP(H2O3)2,phosphate_arsenate_vanadate,144.0,17,0.11805555555555555
Vastmanlandite-(Ce),Ca0.922Ce3.078Mg1.558Al1.928Fe0.514Si5O21.539F0.461,silicate,108.0,11,0.10185185185185185
Vauquelinite,CrCuPPb2O9,chromate,78.0,7,0.08974358974358974
Vauxite,Al2Fe(PO8)2,phosphate_arsenate_vanadate,57.0,19,0.3333333333333333
Vayrynenite,Mn0.774Be1Fe0.226P0.988H0.92O4.92F0.08,phosphate_arsenate_vanadate,54.0,14,0.25925925925925924
Veatchite,Sr2(BO2)11,borate,207.0,19,0.09178743961352658
Vergasovaite,Cu3Mo0.742S1.258O9,sulfate,78.0,12,0.15384615384615385
Vermiculite,Mg3(SiO3)4,silicate,54.0,12,0.2222222222222222
Verplanckite,Ba6Ti0.768Mn2.082Fe0.15Si6Cl4.6O19,silicate,57.0,5,0.08771929824561403
Vertumnite,Ca2Al2.126Si1.434O15.72,silicate,37.0,10,0.2702702702702703
Vesuvianite,Ca9.14Mg0.28Mn0.34Al5.425Zn0.484Fe0.145Cu0.355Si8.755O38.25F0.533,silicate,241.0,15,0.06224066390041494
Veszelyite,Zn1.23Cu1.77P1O9,phosphate_arsenate_vanadate,78.0,14,0.1794871794871795
Vigezzite,Ca0.75Ce0.25Ta0.63Ti0.42Nb0.95O6,oxide_hydroxide,54.0,8,0.14814814814814814
Viitaniemiite,Na1Ca0.592Mn0.401Al1P1H1O5F2,phosphate_arsenate_vanadate,30.0,27,0.9
Violarite,Fe(NiS2)2,sulfide_selenide_telluride,5.0,8,1.6
Virgilluethite,MoO4,oxide_hydroxide,60.0,10,0.16666666666666666
Vishnevite,K1.29Na1.88Al3Si3S0.29O14.62,silicate,106.0,13,0.12264150943396226
Vistepite,Mn4Si4SnB2(HO9)2,silicate,45.0,18,0.4
Vivianite,Fe3(PO8)2,phosphate_arsenate_vanadate,30.0,10,0.3333333333333333
Vladimirite,Ca4As3H9O16,phosphate_arsenate_vanadate,192.0,13,0.06770833333333333
Vlasovite,Na2Zr1Si4O11,silicate,57.0,14,0.24561403508771928
Volaschioite,Fe2S0.5O7,sulfate,36.0,14,0.3888888888888889
Volborthite,V2Cu3H6O11,phosphate_arsenate_vanadate,27.0,10,0.37037037037037035
Volkovskite,KCa4B22H18ClO46,borate,273.0,16,0.05860805860805861
Voltaite,K2Al1Fe8H24S12O66,sulfate,191.0,12,0.06282722513089005
Vonsenite,Fe3BO5,borate,48.0,9,0.1875
Vuagnatite,CaAlSiHO5,silicate,105.0,14,0.13333333333333333
Vuonnemite,Na11Ti2Nb2Si4(PO13)2,silicate,69.0,20,0.2898550724637681
Wadeite,K2Zr(SiO3)3,silicate,22.0,14,0.6363636363636364
Wadsleyite,Mg2SiO4,silicate,39.0,14,0.358974358974359
Wagnerite,Mg2PO4F,phosphate_arsenate_vanadate,477.0,12,0.025157232704402517
Waimirite-(Y),YF3,halide,24.0,15,0.625
Wairakite,Na0.1385Ca0.899Al1.9Si4.1O14,silicate,138.0,13,0.09420289855072464
Wakabayashilite,Sb0.35As4.65S7,sulfide_selenide_telluride,285.0,10,0.03508771929824561
Wakefieldite-(Ce),La0.18Ce0.52Pr0.05Nd0.15Sm0.02Y0.07V0.92As0.08O4,phosphate_arsenate_vanadate,12.0,8,0.6666666666666666
Walpurgite,UBi4(AsO8)2,phosphate_arsenate_vanadate,33.0,9,0.2727272727272727
Walstromite,BaCa2(SiO3)3,silicate,45.0,21,0.4666666666666667
Wangkuirenite,Pb3Se2(ClO3)2,oxide_hydroxide,39.0,8,0.20512820512820512
Wardite,NaAl3(PO7)2,phosphate_arsenate_vanadate,148.0,15,0.10135135135135136
Warikahnite,Zn3(AsO5)2,phosphate_arsenate_vanadate,90.0,14,0.15555555555555556
Warwickite,Mg1.58Ti0.42B1O4,borate,42.0,9,0.21428571428571427
Wattersite,CrHg5O6,chromate,33.0,9,0.2727272727272727
Wavellite,Al3P2O16,phosphate_arsenate_vanadate,132.0,13,0.09848484848484848
Waylandite,Sr0.28Ca0.23Al3Si0.2Bi0.49P1.8H6O14,silicate,19.0,10,0.5263157894736842
Weddellite,Ca1H4C2O6.375,carbonate,64.0,12,0.1875
Weeksite,USiO7,silicate,51.0,3,0.058823529411764705
Weloganite,Na2Sr2.79Ca0.21Zr1C6O21,carbonate,96.0,9,0.09375
Wendwilsonite,Ca2Mg0.9Co0.1As2H4O10,phosphate_arsenate_vanadate,54.0,11,0.2037037037037037
Wenlanzhangite-(Y),Tb0.01Yb0.045Ce0.01Pr0.005Nd0.045Sm0.03Gd0.045Dy0.085Y0.63Ho0.015Er0.055Tm0.01Sc0.02Al0.27V1.73Si1O8,silicate,75.0,11,0.14666666666666667
Wermlandite,Ca0.6Mg7.4Al1.14Fe0.86H42S2O38,sulfate,144.0,5,0.034722222222222224
Wernerbaurite,K0.01Na0.04Sr0.01Ca0.94V5H19O23,phosphate_arsenate_vanadate,144.0,13,0.09027777777777778
Wesselsite,Ba0.5Sr0.5Cu1Si4O10,silicate,67.0,28,0.417910447761194
Westerveldite,FeAs,other,12.0,6,0.5
Wheatleyite,Na2Cu(C2O5)2,oxide_hydroxide,24.0,9,0.375
Whelanite,Ca3Cu0.92Si3O13,silicate,153.0,14,0.0915032679738562
Wherryite,Cu2Si2Pb7(S2O13)2,silicate,57.0,17,0.2982456140350877
Whewellite,Ca2H2.57C4O10,oxide_hydroxide,126.0,9,0.07142857142857142
Whitlockite,Ca9.095Mg0.587Fe0.413P7O28,phosphate_arsenate_vanadate,151.0,9,0.059602649006622516
Whitmoreite,Mn0.27Fe2.59P2O14,phosphate_arsenate_vanadate,54.0,12,0.2222222222222222
Wickenburgite,Ca1Al1.97Fe0.03Si10Pb3O30,silicate,136.0,21,0.15441176470588236
Wickmanite,Mn1Sn1H6O6,oxide_hydroxide,45.0,3,0.06666666666666667
Wicksite,Na1Ca2Mg0.96Mn0.6Al0.18Fe4.24P6H4O26,phosphate_arsenate_vanadate,264.0,10,0.03787878787878788
Widenmannite,U0.5H1Pb0.926C1O4.926,carbonate,54.0,6,0.1111111111111111
Wightmanite,Mg5B1O10.4,borate,54.0,14,0.25925925925925924
Wilhelmkleinite,ZnFe2As2(HO5)2,phosphate_arsenate_vanadate,48.0,18,0.375
Wilkinsonite,Na1Fe2.75Si3O10,silicate,99.0,10,0.10101010101010101
Willemite,Zn2SiO4,silicate,42.0,11,0.2619047619047619
Willhendersonite,K1.14Ca0.982Al3Si3O17.11,silicate,87.0,21,0.2413793103448276
Wiluite,Sr0.02Ca18.65888La0.05Ce0.04Nd0.01Mg3.9Ti0.27Mn0.11Be0.02Al6.98Fe1.91Si18B2.86H0.79O78.83008F1.20992,silicate,289.0,19,0.0657439446366782
Winchite,K0.13Na1.34Ca0.66Mg2.79Ti0.01Mn0.07Al0.32Fe1.92Si7.88O23.77F0.23,silicate,57.0,16,0.2807017543859649
Wiserite,Mg0.5Mn14Si0.5B8Cl0.8O32,silicate,127.0,11,0.08661417322834646
Witherite,BaCO3,carbonate,30.0,5,0.16666666666666666
Wodginite,Ta2.12Mn1Nb0.3Fe0.01Sn0.47O8,oxide_hydroxide,69.0,12,0.17391304347826086
Wohlerite,Na2Ca4Zr1Nb1Si4O17F1,silicate,177.0,14,0.07909604519774012
Wolfeite,Mg0.160825Fe1.839175P1H1O5,phosphate_arsenate_vanadate,216.0,8,0.037037037037037035
Wollastonite,Ca0.96Mn0.04Si1O3,silicate,45.0,8,0.17777777777777778
Wolsendorfite,Ba0.72U28Pb12.32O126,oxide_hydroxide,507.0,9,0.01775147928994083
Woodhouseite,Ca1Al3P1S1O14,sulfate,14.0,12,0.8571428571428571
Wooldridgeite,Na2CaCu2(PO6)4,phosphate_arsenate_vanadate,195.0,10,0.05128205128205128
Wulfenite,MoPbO4,oxide_hydroxide,13.0,6,0.46153846153846156
Wurtzite,ZnS,sulfide_selenide_telluride,4.0,9,2.25
Xanthoconite,Ag3AsS3,sulfide_selenide_telluride,42.0,4,0.09523809523809523
Xenotime-(Gd),Tb0.05Sm0.07Eu0.02Gd0.37Dy0.13Y0.32P1O4,phosphate_arsenate_vanadate,12.0,18,1.5
Xenotime-(Y),YPO4,phosphate_arsenate_vanadate,12.0,16,1.3333333333333333
Xonotlite,Ca6Si6O19,silicate,93.0,18,0.1935483870967742
Yangite,MnSi3PbO9,silicate,42.0,22,0.5238095238095238
Yeatmanite,Mn9Zn6Fe0.2Si3.8Sb2O28,silicate,72.0,12,0.16666666666666666
Yedlinite,CrPb6(Cl3O4)2,chromate,20.0,4,0.2
Yellowcatite,K0.65Na0.66Mg0.3V2Fe2Se2O20,phosphate_arsenate_vanadate,58.0,8,0.13793103448275862
Yoderite,Mg0.5Al1.42Fe0.08Si1O5,silicate,48.0,16,0.3333333333333333
Yoshimuraite,Ba2Ti0.78Mn2Fe0.22Si2.17P0.46S0.34O13,silicate,60.0,17,0.2833333333333333
Yttrotungstite-(Y),Ca0.04La0.01Tb0.01Ce0.08Pr0.01Nd0.09Sm0.03Gd0.04Dy0.05Y0.57Er0.04Mg0.03Al0.1Fe0.02Si0.04W1.84O9,silicate,36.0,13,0.3611111111111111
Yugawaralite,Ca1Al2Si6O20.29,silicate,189.0,18,0.09523809523809523
Yuksporite,K3.75Ba0.65Na5.5Sr1.4Ca8.5Ti3.1Mn0.15Nb0.9Fe0.1Si18O65.74,silicate,345.0,18,0.05217391304347826
Yvonite,CuAsO6,phosphate_arsenate_vanadate,48.0,12,0.25
Zabuyelite,Li2CO3,carbonate,18.0,6,0.3333333333333333
Zaccariniite,NiAsRh,other,6.0,11,1.8333333333333333
Zalesiite,Ca0.4La0.04Ce0.06Nd0.01Y0.31Fe0.09Cu6As3O21,phosphate_arsenate_vanadate,53.0,13,0.24528301886792453
Zanazziite,Ca1Mg1.4Be2Al0.67Fe0.6P3O17,phosphate_arsenate_vanadate,75.0,9,0.12
Zavaritskite,BiOF,oxide_hydroxide,6.0,4,0.6666666666666666
Zektzerite,NaLiZr(Si2O5)3,silicate,144.0,17,0.11805555555555555
Zemannite,Mg0.45Mn0.08Zn0.82Fe1.1Te3O13.08,oxide_hydroxide,43.0,8,0.18604651162790697
Zeophyllite,Na0.102Ca12.098Mg0.1Al0.7Si10O35.6F8.4,silicate,66.0,12,0.18181818181818182
Zhanghuifenite,Na2.8Ca0.11Mg1.68Mn3.15Al0.81Fe1.36P6O24,phosphate_arsenate_vanadate,234.0,10,0.042735042735042736
Ziesite,V2Cu2O7,phosphate_arsenate_vanadate,33.0,14,0.42424242424242425
Zigrasite,MgZrP2(H2O3)4,phosphate_arsenate_vanadate,69.0,7,0.10144927536231885
Zincite,ZnO,oxide_hydroxide,4.0,9,2.25
Zincolibethenite,Zn1.06Cu0.94As0.02P0.98H1O5,phosphate_arsenate_vanadate,54.0,14,0.25925925925925924
Zincolivenite,Zn1.14Cu0.86As1O5,phosphate_arsenate_vanadate,48.0,9,0.1875
Zincorietveldite,Mg0.1345U1Zn0.8655S2O15,sulfate,225.0,9,0.04
Zincorinmanite-(Zn),Mg0.165Ti0.09Mn0.03Al0.18Zn1.315Fe2.25Sb0.97H0.609O8,oxide_hydroxide,42.0,11,0.2619047619047619
Zincroselite,Ca2Mg0.14Zn0.86As2H4O10,phosphate_arsenate_vanadate,54.0,9,0.16666666666666666
Zinkenite,Sb10.5Pb4.51S20.25,sulfide_selenide_telluride,112.0,7,0.0625
Zinnwaldite,K0.9Na0.05Li0.67Mg0.01Ti0.01Mn0.05Al1.908Fe0.93Si3.092O10F2,silicate,57.0,10,0.17543859649122806
Zircon,ZrSiO4,silicate,12.0,5,0.4166666666666667
Zirkelite,Ca1.74Th0.26Zr2Ti2.11Nb0.98Fe0.91O14,oxide_hydroxide,69.0,14,0.2028985507246377
Zoisite,Ca2Al3Si3HO13,silicate,132.0,21,0.1590909090909091
Zoisite-(Pb),Al3Si3Pb2O13,silicate,126.0,18,0.14285714285714285
Zorite,Na3Ti2.3Nb0.2Si6O24.75,silicate,84.0,10,0.11904761904761904
Zunyite,Al13Si5H6Cl1O34.16F3.84,silicate,54.0,15,0.2777777777777778
Zussmanite,K0.92Na0.07Mg2.08Al1.00002Fe10.92Si16.99998O56,silicate,86.0,10,0.11627906976744186
Zwieselite,Fe2PO4F,phosphate_arsenate_vanadate,48.0,5,0.10416666666666667
